month;category;exports;imports;balance;
1/1/1997;Food & live animals;596;1075;-479;
1/2/1997;Food & live animals;626;1085;-459;
1/3/1997;Food & live animals;601;1088;-487;
1/4/1997;Food & live animals;610;1255;-645;
1/5/1997;Food & live animals;631;1106;-475;
1/6/1997;Food & live animals;622;1041;-419;
1/7/1997;Food & live animals;593;1059;-466;
1/8/1997;Food & live animals;577;1060;-483;
1/9/1997;Food & live animals;556;1058;-502;
1/10/1997;Food & live animals;606;1053;-447;
1/11/1997;Food & live animals;573;1112;-539;
1/12/1997;Food & live animals;614;1038;-424;
1/1/1998;Food & live animals;655;1058;-403;
1/2/1998;Food & live animals;617;1042;-425;
1/3/1998;Food & live animals;631;1033;-402;
1/4/1998;Food & live animals;620;1056;-436;
1/5/1998;Food & live animals;614;1076;-462;
1/6/1998;Food & live animals;588;1055;-467;
1/7/1998;Food & live animals;598;1069;-471;
1/8/1998;Food & live animals;628;1106;-478;
1/9/1998;Food & live animals;611;1096;-485;
1/10/1998;Food & live animals;564;1083;-519;
1/11/1998;Food & live animals;585;1087;-502;
1/12/1998;Food & live animals;579;1099;-520;
1/1/1999;Food & live animals;558;1062;-504;
1/2/1999;Food & live animals;568;1122;-554;
1/3/1999;Food & live animals;571;1085;-514;
1/4/1999;Food & live animals;589;1041;-452;
1/5/1999;Food & live animals;577;1069;-492;
1/6/1999;Food & live animals;557;1120;-563;
1/7/1999;Food & live animals;547;1120;-573;
1/8/1999;Food & live animals;560;1113;-553;
1/9/1999;Food & live animals;560;1109;-549;
1/10/1999;Food & live animals;595;1112;-517;
1/11/1999;Food & live animals;558;1105;-547;
1/12/1999;Food & live animals;581;1121;-540;
1/1/2000;Food & live animals;583;1149;-566;
1/2/2000;Food & live animals;545;1069;-524;
1/3/2000;Food & live animals;545;1123;-578;
1/4/2000;Food & live animals;553;1131;-578;
1/5/2000;Food & live animals;555;1149;-594;
1/6/2000;Food & live animals;573;1114;-541;
1/7/2000;Food & live animals;588;1152;-564;
1/8/2000;Food & live animals;564;1117;-553;
1/9/2000;Food & live animals;564;1113;-549;
1/10/2000;Food & live animals;569;1130;-561;
1/11/2000;Food & live animals;578;1122;-544;
1/12/2000;Food & live animals;533;1201;-668;
1/1/2001;Food & live animals;581;1214;-633;
1/2/2001;Food & live animals;556;1250;-694;
1/3/2001;Food & live animals;535;1230;-695;
1/4/2001;Food & live animals;510;1183;-673;
1/5/2001;Food & live animals;499;1251;-752;
1/6/2001;Food & live animals;541;1225;-684;
1/7/2001;Food & live animals;531;1233;-702;
1/8/2001;Food & live animals;518;1219;-701;
1/9/2001;Food & live animals;502;1251;-749;
1/10/2001;Food & live animals;461;1254;-793;
1/11/2001;Food & live animals;494;1232;-738;
1/12/2001;Food & live animals;510;1233;-723;
1/1/2002;Food & live animals;512;1234;-722;
1/2/2002;Food & live animals;538;1259;-721;
1/3/2002;Food & live animals;554;1299;-745;
1/4/2002;Food & live animals;548;1309;-761;
1/5/2002;Food & live animals;559;1240;-681;
1/6/2002;Food & live animals;542;1279;-737;
1/7/2002;Food & live animals;564;1304;-740;
1/8/2002;Food & live animals;611;1358;-747;
1/9/2002;Food & live animals;587;1361;-774;
1/10/2002;Food & live animals;572;1333;-761;
1/11/2002;Food & live animals;569;1378;-809;
1/12/2002;Food & live animals;561;1345;-784;
1/1/2003;Food & live animals;571;1395;-824;
1/2/2003;Food & live animals;589;1410;-821;
1/3/2003;Food & live animals;572;1400;-828;
1/4/2003;Food & live animals;569;1417;-848;
1/5/2003;Food & live animals;575;1385;-810;
1/6/2003;Food & live animals;571;1438;-867;
1/7/2003;Food & live animals;582;1425;-843;
1/8/2003;Food & live animals;657;1447;-790;
1/9/2003;Food & live animals;587;1454;-867;
1/10/2003;Food & live animals;596;1469;-873;
1/11/2003;Food & live animals;603;1527;-924;
1/12/2003;Food & live animals;617;1510;-893;
1/1/2004;Food & live animals;559;1497;-938;
1/2/2004;Food & live animals;580;1493;-913;
1/3/2004;Food & live animals;588;1517;-929;
1/4/2004;Food & live animals;604;1496;-892;
1/5/2004;Food & live animals;589;1532;-943;
1/6/2004;Food & live animals;612;1522;-910;
1/7/2004;Food & live animals;609;1496;-887;
1/8/2004;Food & live animals;585;1505;-920;
1/9/2004;Food & live animals;596;1563;-967;
1/10/2004;Food & live animals;616;1533;-917;
1/11/2004;Food & live animals;669;1531;-862;
1/12/2004;Food & live animals;647;1578;-931;
1/1/2005;Food & live animals;645;1603;-958;
1/2/2005;Food & live animals;638;1602;-964;
1/3/2005;Food & live animals;616;1570;-954;
1/4/2005;Food & live animals;614;1621;-1007;
1/5/2005;Food & live animals;635;1633;-998;
1/6/2005;Food & live animals;629;1613;-984;
1/7/2005;Food & live animals;632;1645;-1013;
1/8/2005;Food & live animals;633;1642;-1009;
1/9/2005;Food & live animals;637;1627;-990;
1/10/2005;Food & live animals;639;1659;-1020;
1/11/2005;Food & live animals;614;1618;-1004;
1/12/2005;Food & live animals;646;1684;-1038;
1/1/2006;Food & live animals;655;1666;-1011;
1/2/2006;Food & live animals;636;1674;-1038;
1/3/2006;Food & live animals;635;1676;-1041;
1/4/2006;Food & live animals;650;1600;-950;
1/5/2006;Food & live animals;640;1650;-1010;
1/6/2006;Food & live animals;627;1661;-1034;
1/7/2006;Food & live animals;641;1703;-1062;
1/8/2006;Food & live animals;662;1668;-1006;
1/9/2006;Food & live animals;663;1739;-1076;
1/10/2006;Food & live animals;664;1697;-1033;
1/11/2006;Food & live animals;670;1730;-1060;
1/12/2006;Food & live animals;669;1747;-1078;
1/1/2007;Food & live animals;675;1730;-1055;
1/2/2007;Food & live animals;683;1693;-1010;
1/3/2007;Food & live animals;702;1716;-1014;
1/4/2007;Food & live animals;694;1737;-1043;
1/5/2007;Food & live animals;733;1723;-990;
1/6/2007;Food & live animals;727;1761;-1034;
1/7/2007;Food & live animals;699;1750;-1051;
1/8/2007;Food & live animals;667;1865;-1198;
1/9/2007;Food & live animals;667;1739;-1072;
1/10/2007;Food & live animals;674;1711;-1037;
1/11/2007;Food & live animals;691;1718;-1027;
1/12/2007;Food & live animals;676;1643;-967;
1/1/2008;Food & live animals;694;1740;-1046;
1/2/2008;Food & live animals;707;1742;-1035;
1/3/2008;Food & live animals;680;1751;-1071;
1/4/2008;Food & live animals;699;1783;-1084;
1/5/2008;Food & live animals;690;1724;-1034;
1/6/2008;Food & live animals;708;1774;-1066;
1/7/2008;Food & live animals;740;1798;-1058;
1/8/2008;Food & live animals;731;1724;-993;
1/9/2008;Food & live animals;750;1674;-924;
1/10/2008;Food & live animals;730;1701;-971;
1/11/2008;Food & live animals;712;1734;-1022;
1/12/2008;Food & live animals;741;1604;-863;
1/1/2009;Food & live animals;726;1715;-989;
1/2/2009;Food & live animals;746;1720;-974;
1/3/2009;Food & live animals;708;1675;-967;
1/4/2009;Food & live animals;704;1739;-1035;
1/5/2009;Food & live animals;719;1737;-1018;
1/6/2009;Food & live animals;716;1747;-1031;
1/7/2009;Food & live animals;704;1707;-1003;
1/8/2009;Food & live animals;705;1678;-973;
1/9/2009;Food & live animals;730;1687;-957;
1/10/2009;Food & live animals;712;1735;-1023;
1/11/2009;Food & live animals;733;1757;-1024;
1/12/2009;Food & live animals;733;1789;-1056;
1/1/2010;Food & live animals;737;1702;-965;
1/2/2010;Food & live animals;735;1753;-1018;
1/3/2010;Food & live animals;752;1772;-1020;
1/4/2010;Food & live animals;789;1787;-998;
1/5/2010;Food & live animals;744;1773;-1029;
1/6/2010;Food & live animals;782;1807;-1025;
1/7/2010;Food & live animals;774;1779;-1005;
1/8/2010;Food & live animals;778;1771;-993;
1/9/2010;Food & live animals;800;1772;-972;
1/10/2010;Food & live animals;779;1759;-980;
1/11/2010;Food & live animals;809;1792;-983;
1/12/2010;Food & live animals;783;1795;-1012;
1/1/2011;Food & live animals;826;1849;-1023;
1/2/2011;Food & live animals;787;1810;-1023;
1/3/2011;Food & live animals;790;1777;-987;
1/4/2011;Food & live animals;780;1782;-1002;
1/5/2011;Food & live animals;780;1833;-1053;
1/6/2011;Food & live animals;765;1702;-937;
1/7/2011;Food & live animals;761;1840;-1079;
1/8/2011;Food & live animals;782;1828;-1046;
1/9/2011;Food & live animals;761;1830;-1069;
1/10/2011;Food & live animals;767;1828;-1061;
1/11/2011;Food & live animals;775;1834;-1059;
1/12/2011;Food & live animals;797;1852;-1055;
1/1/2012;Food & live animals;746;1786;-1040;
1/2/2012;Food & live animals;740;1786;-1046;
1/3/2012;Food & live animals;754;1842;-1088;
1/4/2012;Food & live animals;733;1810;-1077;
1/5/2012;Food & live animals;738;1832;-1094;
1/6/2012;Food & live animals;715;1825;-1110;
1/7/2012;Food & live animals;755;1906;-1151;
1/8/2012;Food & live animals;754;1898;-1144;
1/9/2012;Food & live animals;780;1948;-1168;
1/10/2012;Food & live animals;734;1951;-1217;
1/11/2012;Food & live animals;731;1929;-1198;
1/12/2012;Food & live animals;749;1910;-1161;
1/1/2013;Food & live animals;737;1993;-1256;
1/2/2013;Food & live animals;740;1931;-1191;
1/3/2013;Food & live animals;752;1985;-1233;
1/4/2013;Food & live animals;742;1975;-1233;
1/5/2013;Food & live animals;779;2026;-1247;
1/6/2013;Food & live animals;800;2025;-1225;
1/7/2013;Food & live animals;765;2017;-1252;
1/8/2013;Food & live animals;761;1969;-1208;
1/9/2013;Food & live animals;757;1936;-1179;
1/10/2013;Food & live animals;769;1934;-1165;
1/11/2013;Food & live animals;820;1928;-1108;
1/12/2013;Food & live animals;794;1954;-1160;
1/1/2014;Food & live animals;808;1926;-1118;
1/2/2014;Food & live animals;794;1945;-1151;
1/3/2014;Food & live animals;782;1986;-1204;
1/4/2014;Food & live animals;813;2010;-1197;
1/5/2014;Food & live animals;801;1935;-1134;
1/6/2014;Food & live animals;803;1988;-1185;
1/7/2014;Food & live animals;823;1942;-1119;
1/8/2014;Food & live animals;813;2029;-1216;
1/9/2014;Food & live animals;818;2043;-1225;
1/10/2014;Food & live animals;829;2088;-1259;
1/11/2014;Food & live animals;822;2109;-1287;
1/12/2014;Food & live animals;835;2151;-1316;
1/1/2015;Food & live animals;837;2146;-1309;
1/2/2015;Food & live animals;880;2148;-1268;
1/3/2015;Food & live animals;869;2085;-1216;
1/4/2015;Food & live animals;840;2123;-1283;
1/5/2015;Food & live animals;824;2091;-1267;
1/6/2015;Food & live animals;842;2152;-1310;
1/7/2015;Food & live animals;826;2172;-1346;
1/8/2015;Food & live animals;842;2152;-1310;
1/9/2015;Food & live animals;851;2167;-1316;
1/10/2015;Food & live animals;838;2172;-1334;
1/11/2015;Food & live animals;798;2186;-1388;
1/12/2015;Food & live animals;789;2160;-1371;
1/1/2016;Food & live animals;826;2177;-1351;
1/2/2016;Food & live animals;834;2223;-1389;
1/3/2016;Food & live animals;848;2203;-1355;
1/4/2016;Food & live animals;879;2198;-1319;
1/5/2016;Food & live animals;886;2205;-1319;
1/6/2016;Food & live animals;848;2227;-1379;
1/7/2016;Food & live animals;841;2174;-1333;
1/8/2016;Food & live animals;873;2259;-1386;
1/9/2016;Food & live animals;842;2256;-1414;
1/10/2016;Food & live animals;821;2188;-1367;
1/11/2016;Food & live animals;856;2208;-1352;
1/12/2016;Food & live animals;865;2258;-1393;
1/1/2017;Food & live animals;862;2270;-1408;
1/2/2017;Food & live animals;861;2236;-1375;
1/3/2017;Food & live animals;858;2261;-1403;
1/4/2017;Food & live animals;843;2276;-1433;
1/5/2017;Food & live animals;875;2159;-1284;
1/6/2017;Food & live animals;873;2220;-1347;
1/7/2017;Food & live animals;880;2214;-1334;
1/8/2017;Food & live animals;870;2218;-1348;
1/9/2017;Food & live animals;895;2259;-1364;
1/10/2017;Food & live animals;868;2246;-1378;
1/11/2017;Food & live animals;889;2257;-1368;
1/12/2017;Food & live animals;892;2301;-1409;
1/1/2018;Food & live animals;898;2299;-1401;
1/2/2018;Food & live animals;884;2251;-1367;
1/3/2018;Food & live animals;883;2337;-1454;
1/4/2018;Food & live animals;874;2304;-1430;
1/5/2018;Food & live animals;873;2393;-1520;
1/6/2018;Food & live animals;886;2373;-1487;
1/7/2018;Food & live animals;884;2374;-1490;
1/8/2018;Food & live animals;881;2356;-1475;
1/9/2018;Food & live animals;873;2274;-1401;
1/10/2018;Food & live animals;894;2339;-1445;
1/11/2018;Food & live animals;913;2332;-1419;
1/12/2018;Food & live animals;889;2225;-1336;
1/1/2019;Food & live animals;908;2397;-1489;
1/2/2019;Food & live animals;950;2475;-1525;
1/3/2019;Food & live animals;1048;2538;-1490;
1/4/2019;Food & live animals;838;2367;-1529;
1/5/2019;Food & live animals;865;2276;-1411;
1/6/2019;Food & live animals;867;2164;-1297;
1/7/2019;Food & live animals;882;2230;-1348;
1/8/2019;Food & live animals;929;2288;-1359;
1/9/2019;Food & live animals;994;2325;-1331;
1/10/2019;Food & live animals;1057;2533;-1476;
1/11/2019;Food & live animals;759;2167;-1408;
1/12/2019;Food & live animals;793;2156;-1363;
1/1/2020;Food & live animals;814;2192;-1378;
1/2/2020;Food & live animals;789;2112;-1323;
1/3/2020;Food & live animals;780;2182;-1402;
1/4/2020;Food & live animals;767;2198;-1431;
1/5/2020;Food & live animals;773;2285;-1512;
1/6/2020;Food & live animals;823;2276;-1453;
1/7/2020;Food & live animals;894;2278;-1384;
1/8/2020;Food & live animals;883;2272;-1389;
1/9/2020;Food & live animals;862;2338;-1476;
1/10/2020;Food & live animals;883;2320;-1437;
1/11/2020;Food & live animals;917;2399;-1482;
1/12/2020;Food & live animals;1011;2396;-1385;
1/1/2021;Food & live animals;352;1826;-1474;
1/1/1997;Beverages & tobacco;201;345;-144;
1/2/1997;Beverages & tobacco;245;338;-93;
1/3/1997;Beverages & tobacco;220;342;-122;
1/4/1997;Beverages & tobacco;204;350;-146;
1/5/1997;Beverages & tobacco;205;347;-142;
1/6/1997;Beverages & tobacco;238;360;-122;
1/7/1997;Beverages & tobacco;225;353;-128;
1/8/1997;Beverages & tobacco;198;332;-134;
1/9/1997;Beverages & tobacco;238;353;-115;
1/10/1997;Beverages & tobacco;183;367;-184;
1/11/1997;Beverages & tobacco;202;370;-168;
1/12/1997;Beverages & tobacco;259;362;-103;
1/1/1998;Beverages & tobacco;240;373;-133;
1/2/1998;Beverages & tobacco;245;398;-153;
1/3/1998;Beverages & tobacco;209;353;-144;
1/4/1998;Beverages & tobacco;214;390;-176;
1/5/1998;Beverages & tobacco;224;409;-185;
1/6/1998;Beverages & tobacco;184;434;-250;
1/7/1998;Beverages & tobacco;195;409;-214;
1/8/1998;Beverages & tobacco;205;404;-199;
1/9/1998;Beverages & tobacco;211;410;-199;
1/10/1998;Beverages & tobacco;190;432;-242;
1/11/1998;Beverages & tobacco;168;436;-268;
1/12/1998;Beverages & tobacco;212;425;-213;
1/1/1999;Beverages & tobacco;187;435;-248;
1/2/1999;Beverages & tobacco;210;417;-207;
1/3/1999;Beverages & tobacco;213;441;-228;
1/4/1999;Beverages & tobacco;198;452;-254;
1/5/1999;Beverages & tobacco;203;460;-257;
1/6/1999;Beverages & tobacco;219;473;-254;
1/7/1999;Beverages & tobacco;207;468;-261;
1/8/1999;Beverages & tobacco;212;491;-279;
1/9/1999;Beverages & tobacco;196;490;-294;
1/10/1999;Beverages & tobacco;221;496;-275;
1/11/1999;Beverages & tobacco;269;512;-243;
1/12/1999;Beverages & tobacco;209;442;-233;
1/1/2000;Beverages & tobacco;234;455;-221;
1/2/2000;Beverages & tobacco;209;446;-237;
1/3/2000;Beverages & tobacco;213;435;-222;
1/4/2000;Beverages & tobacco;250;447;-197;
1/5/2000;Beverages & tobacco;232;430;-198;
1/6/2000;Beverages & tobacco;232;390;-158;
1/7/2000;Beverages & tobacco;237;441;-204;
1/8/2000;Beverages & tobacco;220;427;-207;
1/9/2000;Beverages & tobacco;213;422;-209;
1/10/2000;Beverages & tobacco;228;410;-182;
1/11/2000;Beverages & tobacco;218;395;-177;
1/12/2000;Beverages & tobacco;224;454;-230;
1/1/2001;Beverages & tobacco;212;420;-208;
1/2/2001;Beverages & tobacco;212;442;-230;
1/3/2001;Beverages & tobacco;208;421;-213;
1/4/2001;Beverages & tobacco;212;431;-219;
1/5/2001;Beverages & tobacco;215;437;-222;
1/6/2001;Beverages & tobacco;206;449;-243;
1/7/2001;Beverages & tobacco;212;447;-235;
1/8/2001;Beverages & tobacco;221;463;-242;
1/9/2001;Beverages & tobacco;226;474;-248;
1/10/2001;Beverages & tobacco;212;483;-271;
1/11/2001;Beverages & tobacco;245;469;-224;
1/12/2001;Beverages & tobacco;214;437;-223;
1/1/2002;Beverages & tobacco;217;450;-233;
1/2/2002;Beverages & tobacco;214;452;-238;
1/3/2002;Beverages & tobacco;227;487;-260;
1/4/2002;Beverages & tobacco;214;452;-238;
1/5/2002;Beverages & tobacco;212;455;-243;
1/6/2002;Beverages & tobacco;227;466;-239;
1/7/2002;Beverages & tobacco;228;452;-224;
1/8/2002;Beverages & tobacco;224;462;-238;
1/9/2002;Beverages & tobacco;241;447;-206;
1/10/2002;Beverages & tobacco;224;444;-220;
1/11/2002;Beverages & tobacco;235;462;-227;
1/12/2002;Beverages & tobacco;263;474;-211;
1/1/2003;Beverages & tobacco;216;509;-293;
1/2/2003;Beverages & tobacco;219;485;-266;
1/3/2003;Beverages & tobacco;254;527;-273;
1/4/2003;Beverages & tobacco;226;513;-287;
1/5/2003;Beverages & tobacco;228;504;-276;
1/6/2003;Beverages & tobacco;226;490;-264;
1/7/2003;Beverages & tobacco;213;486;-273;
1/8/2003;Beverages & tobacco;222;501;-279;
1/9/2003;Beverages & tobacco;216;516;-300;
1/10/2003;Beverages & tobacco;241;514;-273;
1/11/2003;Beverages & tobacco;244;490;-246;
1/12/2003;Beverages & tobacco;170;483;-313;
1/1/2004;Beverages & tobacco;248;490;-242;
1/2/2004;Beverages & tobacco;259;487;-228;
1/3/2004;Beverages & tobacco;239;474;-235;
1/4/2004;Beverages & tobacco;266;502;-236;
1/5/2004;Beverages & tobacco;249;487;-238;
1/6/2004;Beverages & tobacco;224;509;-285;
1/7/2004;Beverages & tobacco;255;517;-262;
1/8/2004;Beverages & tobacco;187;496;-309;
1/9/2004;Beverages & tobacco;215;497;-282;
1/10/2004;Beverages & tobacco;171;478;-307;
1/11/2004;Beverages & tobacco;168;526;-358;
1/12/2004;Beverages & tobacco;187;495;-308;
1/1/2005;Beverages & tobacco;220;499;-279;
1/2/2005;Beverages & tobacco;209;489;-280;
1/3/2005;Beverages & tobacco;200;471;-271;
1/4/2005;Beverages & tobacco;242;486;-244;
1/5/2005;Beverages & tobacco;225;477;-252;
1/6/2005;Beverages & tobacco;246;490;-244;
1/7/2005;Beverages & tobacco;212;492;-280;
1/8/2005;Beverages & tobacco;198;495;-297;
1/9/2005;Beverages & tobacco;209;490;-281;
1/10/2005;Beverages & tobacco;210;496;-286;
1/11/2005;Beverages & tobacco;197;493;-296;
1/12/2005;Beverages & tobacco;192;490;-298;
1/1/2006;Beverages & tobacco;218;493;-275;
1/2/2006;Beverages & tobacco;216;489;-273;
1/3/2006;Beverages & tobacco;217;542;-325;
1/4/2006;Beverages & tobacco;209;501;-292;
1/5/2006;Beverages & tobacco;209;513;-304;
1/6/2006;Beverages & tobacco;215;500;-285;
1/7/2006;Beverages & tobacco;233;489;-256;
1/8/2006;Beverages & tobacco;237;544;-307;
1/9/2006;Beverages & tobacco;239;515;-276;
1/10/2006;Beverages & tobacco;244;525;-281;
1/11/2006;Beverages & tobacco;279;532;-253;
1/12/2006;Beverages & tobacco;248;518;-270;
1/1/2007;Beverages & tobacco;237;531;-294;
1/2/2007;Beverages & tobacco;226;516;-290;
1/3/2007;Beverages & tobacco;238;507;-269;
1/4/2007;Beverages & tobacco;221;511;-290;
1/5/2007;Beverages & tobacco;254;525;-271;
1/6/2007;Beverages & tobacco;217;519;-302;
1/7/2007;Beverages & tobacco;270;536;-266;
1/8/2007;Beverages & tobacco;264;523;-259;
1/9/2007;Beverages & tobacco;261;534;-273;
1/10/2007;Beverages & tobacco;277;551;-274;
1/11/2007;Beverages & tobacco;268;599;-331;
1/12/2007;Beverages & tobacco;276;566;-290;
1/1/2008;Beverages & tobacco;286;567;-281;
1/2/2008;Beverages & tobacco;295;555;-260;
1/3/2008;Beverages & tobacco;237;548;-311;
1/4/2008;Beverages & tobacco;281;566;-285;
1/5/2008;Beverages & tobacco;264;562;-298;
1/6/2008;Beverages & tobacco;262;565;-303;
1/7/2008;Beverages & tobacco;257;558;-301;
1/8/2008;Beverages & tobacco;259;539;-280;
1/9/2008;Beverages & tobacco;315;557;-242;
1/10/2008;Beverages & tobacco;276;507;-231;
1/11/2008;Beverages & tobacco;234;500;-266;
1/12/2008;Beverages & tobacco;235;481;-246;
1/1/2009;Beverages & tobacco;267;498;-231;
1/2/2009;Beverages & tobacco;243;509;-266;
1/3/2009;Beverages & tobacco;205;516;-311;
1/4/2009;Beverages & tobacco;234;539;-305;
1/5/2009;Beverages & tobacco;241;496;-255;
1/6/2009;Beverages & tobacco;245;511;-266;
1/7/2009;Beverages & tobacco;221;491;-270;
1/8/2009;Beverages & tobacco;238;524;-286;
1/9/2009;Beverages & tobacco;260;490;-230;
1/10/2009;Beverages & tobacco;247;497;-250;
1/11/2009;Beverages & tobacco;246;527;-281;
1/12/2009;Beverages & tobacco;257;523;-266;
1/1/2010;Beverages & tobacco;242;525;-283;
1/2/2010;Beverages & tobacco;271;519;-248;
1/3/2010;Beverages & tobacco;262;484;-222;
1/4/2010;Beverages & tobacco;280;495;-215;
1/5/2010;Beverages & tobacco;269;517;-248;
1/6/2010;Beverages & tobacco;284;627;-343;
1/7/2010;Beverages & tobacco;263;510;-247;
1/8/2010;Beverages & tobacco;278;504;-226;
1/9/2010;Beverages & tobacco;256;521;-265;
1/10/2010;Beverages & tobacco;255;555;-300;
1/11/2010;Beverages & tobacco;266;515;-249;
1/12/2010;Beverages & tobacco;262;566;-304;
1/1/2011;Beverages & tobacco;265;495;-230;
1/2/2011;Beverages & tobacco;258;498;-240;
1/3/2011;Beverages & tobacco;274;542;-268;
1/4/2011;Beverages & tobacco;261;530;-269;
1/5/2011;Beverages & tobacco;261;561;-300;
1/6/2011;Beverages & tobacco;245;490;-245;
1/7/2011;Beverages & tobacco;255;563;-308;
1/8/2011;Beverages & tobacco;261;510;-249;
1/9/2011;Beverages & tobacco;263;569;-306;
1/10/2011;Beverages & tobacco;261;617;-356;
1/11/2011;Beverages & tobacco;281;582;-301;
1/12/2011;Beverages & tobacco;295;554;-259;
1/1/2012;Beverages & tobacco;253;572;-319;
1/2/2012;Beverages & tobacco;246;587;-341;
1/3/2012;Beverages & tobacco;256;683;-427;
1/4/2012;Beverages & tobacco;249;528;-279;
1/5/2012;Beverages & tobacco;260;506;-246;
1/6/2012;Beverages & tobacco;236;554;-318;
1/7/2012;Beverages & tobacco;271;489;-218;
1/8/2012;Beverages & tobacco;279;482;-203;
1/9/2012;Beverages & tobacco;266;499;-233;
1/10/2012;Beverages & tobacco;259;548;-289;
1/11/2012;Beverages & tobacco;268;511;-243;
1/12/2012;Beverages & tobacco;250;519;-269;
1/1/2013;Beverages & tobacco;233;494;-261;
1/2/2013;Beverages & tobacco;240;532;-292;
1/3/2013;Beverages & tobacco;232;564;-332;
1/4/2013;Beverages & tobacco;232;519;-287;
1/5/2013;Beverages & tobacco;247;527;-280;
1/6/2013;Beverages & tobacco;228;521;-293;
1/7/2013;Beverages & tobacco;229;516;-287;
1/8/2013;Beverages & tobacco;213;509;-296;
1/9/2013;Beverages & tobacco;215;520;-305;
1/10/2013;Beverages & tobacco;221;510;-289;
1/11/2013;Beverages & tobacco;205;516;-311;
1/12/2013;Beverages & tobacco;234;484;-250;
1/1/2014;Beverages & tobacco;226;518;-292;
1/2/2014;Beverages & tobacco;232;520;-288;
1/3/2014;Beverages & tobacco;226;513;-287;
1/4/2014;Beverages & tobacco;225;511;-286;
1/5/2014;Beverages & tobacco;231;528;-297;
1/6/2014;Beverages & tobacco;232;535;-303;
1/7/2014;Beverages & tobacco;213;553;-340;
1/8/2014;Beverages & tobacco;222;552;-330;
1/9/2014;Beverages & tobacco;235;534;-299;
1/10/2014;Beverages & tobacco;222;553;-331;
1/11/2014;Beverages & tobacco;219;552;-333;
1/12/2014;Beverages & tobacco;228;560;-332;
1/1/2015;Beverages & tobacco;236;539;-303;
1/2/2015;Beverages & tobacco;245;554;-309;
1/3/2015;Beverages & tobacco;236;565;-329;
1/4/2015;Beverages & tobacco;234;575;-341;
1/5/2015;Beverages & tobacco;229;561;-332;
1/6/2015;Beverages & tobacco;247;586;-339;
1/7/2015;Beverages & tobacco;249;595;-346;
1/8/2015;Beverages & tobacco;243;595;-352;
1/9/2015;Beverages & tobacco;231;602;-371;
1/10/2015;Beverages & tobacco;239;595;-356;
1/11/2015;Beverages & tobacco;250;584;-334;
1/12/2015;Beverages & tobacco;236;588;-352;
1/1/2016;Beverages & tobacco;248;574;-326;
1/2/2016;Beverages & tobacco;256;572;-316;
1/3/2016;Beverages & tobacco;242;555;-313;
1/4/2016;Beverages & tobacco;254;571;-317;
1/5/2016;Beverages & tobacco;249;585;-336;
1/6/2016;Beverages & tobacco;232;565;-333;
1/7/2016;Beverages & tobacco;229;534;-305;
1/8/2016;Beverages & tobacco;232;527;-295;
1/9/2016;Beverages & tobacco;253;538;-285;
1/10/2016;Beverages & tobacco;239;522;-283;
1/11/2016;Beverages & tobacco;232;513;-281;
1/12/2016;Beverages & tobacco;234;579;-345;
1/1/2017;Beverages & tobacco;235;572;-337;
1/2/2017;Beverages & tobacco;232;575;-343;
1/3/2017;Beverages & tobacco;240;558;-318;
1/4/2017;Beverages & tobacco;227;586;-359;
1/5/2017;Beverages & tobacco;224;585;-361;
1/6/2017;Beverages & tobacco;233;559;-326;
1/7/2017;Beverages & tobacco;253;595;-342;
1/8/2017;Beverages & tobacco;235;584;-349;
1/9/2017;Beverages & tobacco;240;587;-347;
1/10/2017;Beverages & tobacco;246;602;-356;
1/11/2017;Beverages & tobacco;230;582;-352;
1/12/2017;Beverages & tobacco;233;575;-342;
1/1/2018;Beverages & tobacco;235;586;-351;
1/2/2018;Beverages & tobacco;230;581;-351;
1/3/2018;Beverages & tobacco;241;595;-354;
1/4/2018;Beverages & tobacco;242;598;-356;
1/5/2018;Beverages & tobacco;243;588;-345;
1/6/2018;Beverages & tobacco;248;601;-353;
1/7/2018;Beverages & tobacco;244;622;-378;
1/8/2018;Beverages & tobacco;248;636;-388;
1/9/2018;Beverages & tobacco;229;595;-366;
1/10/2018;Beverages & tobacco;248;651;-403;
1/11/2018;Beverages & tobacco;264;618;-354;
1/12/2018;Beverages & tobacco;252;601;-349;
1/1/2019;Beverages & tobacco;263;688;-425;
1/2/2019;Beverages & tobacco;307;733;-426;
1/3/2019;Beverages & tobacco;311;748;-437;
1/4/2019;Beverages & tobacco;232;622;-390;
1/5/2019;Beverages & tobacco;248;623;-375;
1/6/2019;Beverages & tobacco;247;577;-330;
1/7/2019;Beverages & tobacco;246;563;-317;
1/8/2019;Beverages & tobacco;254;595;-341;
1/9/2019;Beverages & tobacco;282;647;-365;
1/10/2019;Beverages & tobacco;264;691;-427;
1/11/2019;Beverages & tobacco;217;526;-309;
1/12/2019;Beverages & tobacco;229;572;-343;
1/1/2020;Beverages & tobacco;253;604;-351;
1/2/2020;Beverages & tobacco;214;580;-366;
1/3/2020;Beverages & tobacco;207;587;-380;
1/4/2020;Beverages & tobacco;187;584;-397;
1/5/2020;Beverages & tobacco;170;595;-425;
1/6/2020;Beverages & tobacco;200;607;-407;
1/7/2020;Beverages & tobacco;229;648;-419;
1/8/2020;Beverages & tobacco;238;649;-411;
1/9/2020;Beverages & tobacco;245;655;-410;
1/10/2020;Beverages & tobacco;230;679;-449;
1/11/2020;Beverages & tobacco;243;679;-436;
1/12/2020;Beverages & tobacco;223;632;-409;
1/1/2021;Beverages & tobacco;134;562;-428;
1/1/1997;Crude materials;219;409;-190;
1/2/1997;Crude materials;205;423;-218;
1/3/1997;Crude materials;224;392;-168;
1/4/1997;Crude materials;226;446;-220;
1/5/1997;Crude materials;234;415;-181;
1/6/1997;Crude materials;220;422;-202;
1/7/1997;Crude materials;215;417;-202;
1/8/1997;Crude materials;215;401;-186;
1/9/1997;Crude materials;213;400;-187;
1/10/1997;Crude materials;225;438;-213;
1/11/1997;Crude materials;217;388;-171;
1/12/1997;Crude materials;218;413;-195;
1/1/1998;Crude materials;237;401;-164;
1/2/1998;Crude materials;241;404;-163;
1/3/1998;Crude materials;232;401;-169;
1/4/1998;Crude materials;232;393;-161;
1/5/1998;Crude materials;226;417;-191;
1/6/1998;Crude materials;216;385;-169;
1/7/1998;Crude materials;223;395;-172;
1/8/1998;Crude materials;225;404;-179;
1/9/1998;Crude materials;212;412;-200;
1/10/1998;Crude materials;212;393;-181;
1/11/1998;Crude materials;206;397;-191;
1/12/1998;Crude materials;205;410;-205;
1/1/1999;Crude materials;185;397;-212;
1/2/1999;Crude materials;183;385;-202;
1/3/1999;Crude materials;181;398;-217;
1/4/1999;Crude materials;172;392;-220;
1/5/1999;Crude materials;169;432;-263;
1/6/1999;Crude materials;182;400;-218;
1/7/1999;Crude materials;189;405;-216;
1/8/1999;Crude materials;165;398;-233;
1/9/1999;Crude materials;190;415;-225;
1/10/1999;Crude materials;209;419;-210;
1/11/1999;Crude materials;194;430;-236;
1/12/1999;Crude materials;202;429;-227;
1/1/2000;Crude materials;198;454;-256;
1/2/2000;Crude materials;199;462;-263;
1/3/2000;Crude materials;212;450;-238;
1/4/2000;Crude materials;212;451;-239;
1/5/2000;Crude materials;208;477;-269;
1/6/2000;Crude materials;211;474;-263;
1/7/2000;Crude materials;208;470;-262;
1/8/2000;Crude materials;222;478;-256;
1/9/2000;Crude materials;208;448;-240;
1/10/2000;Crude materials;207;466;-259;
1/11/2000;Crude materials;213;487;-274;
1/12/2000;Crude materials;210;477;-267;
1/1/2001;Crude materials;222;522;-300;
1/2/2001;Crude materials;217;490;-273;
1/3/2001;Crude materials;208;510;-302;
1/4/2001;Crude materials;224;467;-243;
1/5/2001;Crude materials;217;474;-257;
1/6/2001;Crude materials;200;490;-290;
1/7/2001;Crude materials;188;488;-300;
1/8/2001;Crude materials;193;471;-278;
1/9/2001;Crude materials;207;474;-267;
1/10/2001;Crude materials;191;480;-289;
1/11/2001;Crude materials;203;494;-291;
1/12/2001;Crude materials;191;478;-287;
1/1/2002;Crude materials;221;468;-247;
1/2/2002;Crude materials;197;506;-309;
1/3/2002;Crude materials;216;506;-290;
1/4/2002;Crude materials;209;511;-302;
1/5/2002;Crude materials;235;515;-280;
1/6/2002;Crude materials;210;506;-296;
1/7/2002;Crude materials;224;495;-271;
1/8/2002;Crude materials;219;468;-249;
1/9/2002;Crude materials;215;482;-267;
1/10/2002;Crude materials;216;489;-273;
1/11/2002;Crude materials;232;495;-263;
1/12/2002;Crude materials;244;484;-240;
1/1/2003;Crude materials;219;492;-273;
1/2/2003;Crude materials;243;494;-251;
1/3/2003;Crude materials;239;483;-244;
1/4/2003;Crude materials;229;500;-271;
1/5/2003;Crude materials;257;491;-234;
1/6/2003;Crude materials;241;451;-210;
1/7/2003;Crude materials;250;476;-226;
1/8/2003;Crude materials;246;468;-222;
1/9/2003;Crude materials;243;488;-245;
1/10/2003;Crude materials;247;487;-240;
1/11/2003;Crude materials;239;483;-244;
1/12/2003;Crude materials;254;510;-256;
1/1/2004;Crude materials;259;474;-215;
1/2/2004;Crude materials;250;473;-223;
1/3/2004;Crude materials;245;461;-216;
1/4/2004;Crude materials;262;510;-248;
1/5/2004;Crude materials;253;431;-178;
1/6/2004;Crude materials;272;459;-187;
1/7/2004;Crude materials;288;464;-176;
1/8/2004;Crude materials;296;472;-176;
1/9/2004;Crude materials;282;475;-193;
1/10/2004;Crude materials;306;465;-159;
1/11/2004;Crude materials;289;464;-175;
1/12/2004;Crude materials;283;464;-181;
1/1/2005;Crude materials;290;473;-183;
1/2/2005;Crude materials;271;489;-218;
1/3/2005;Crude materials;265;456;-191;
1/4/2005;Crude materials;267;463;-196;
1/5/2005;Crude materials;243;457;-214;
1/6/2005;Crude materials;244;474;-230;
1/7/2005;Crude materials;248;443;-195;
1/8/2005;Crude materials;272;452;-180;
1/9/2005;Crude materials;277;457;-180;
1/10/2005;Crude materials;252;455;-203;
1/11/2005;Crude materials;238;440;-202;
1/12/2005;Crude materials;257;429;-172;
1/1/2006;Crude materials;263;464;-201;
1/2/2006;Crude materials;248;453;-205;
1/3/2006;Crude materials;267;476;-209;
1/4/2006;Crude materials;247;474;-227;
1/5/2006;Crude materials;255;494;-239;
1/6/2006;Crude materials;273;462;-189;
1/7/2006;Crude materials;301;453;-152;
1/8/2006;Crude materials;292;439;-147;
1/9/2006;Crude materials;292;457;-165;
1/10/2006;Crude materials;301;474;-173;
1/11/2006;Crude materials;316;478;-162;
1/12/2006;Crude materials;310;550;-240;
1/1/2007;Crude materials;312;468;-156;
1/2/2007;Crude materials;327;484;-157;
1/3/2007;Crude materials;344;485;-141;
1/4/2007;Crude materials;337;484;-147;
1/5/2007;Crude materials;350;502;-152;
1/6/2007;Crude materials;360;536;-176;
1/7/2007;Crude materials;318;498;-180;
1/8/2007;Crude materials;301;501;-200;
1/9/2007;Crude materials;267;510;-243;
1/10/2007;Crude materials;290;485;-195;
1/11/2007;Crude materials;304;473;-169;
1/12/2007;Crude materials;302;491;-189;
1/1/2008;Crude materials;322;505;-183;
1/2/2008;Crude materials;328;517;-189;
1/3/2008;Crude materials;334;461;-127;
1/4/2008;Crude materials;366;493;-127;
1/5/2008;Crude materials;403;454;-51;
1/6/2008;Crude materials;391;439;-48;
1/7/2008;Crude materials;394;452;-58;
1/8/2008;Crude materials;321;452;-131;
1/9/2008;Crude materials;416;414;2;
1/10/2008;Crude materials;330;386;-56;
1/11/2008;Crude materials;256;388;-132;
1/12/2008;Crude materials;285;353;-68;
1/1/2009;Crude materials;267;328;-61;
1/2/2009;Crude materials;293;365;-72;
1/3/2009;Crude materials;220;350;-130;
1/4/2009;Crude materials;239;346;-107;
1/5/2009;Crude materials;238;364;-126;
1/6/2009;Crude materials;226;378;-152;
1/7/2009;Crude materials;246;331;-85;
1/8/2009;Crude materials;275;346;-71;
1/9/2009;Crude materials;272;388;-116;
1/10/2009;Crude materials;307;396;-89;
1/11/2009;Crude materials;281;367;-86;
1/12/2009;Crude materials;305;394;-89;
1/1/2010;Crude materials;246;459;-213;
1/2/2010;Crude materials;288;372;-84;
1/3/2010;Crude materials;290;414;-124;
1/4/2010;Crude materials;327;388;-61;
1/5/2010;Crude materials;284;395;-111;
1/6/2010;Crude materials;305;397;-92;
1/7/2010;Crude materials;314;426;-112;
1/8/2010;Crude materials;330;417;-87;
1/9/2010;Crude materials;330;425;-95;
1/10/2010;Crude materials;331;436;-105;
1/11/2010;Crude materials;374;426;-52;
1/12/2010;Crude materials;364;416;-52;
1/1/2011;Crude materials;346;443;-97;
1/2/2011;Crude materials;343;426;-83;
1/3/2011;Crude materials;355;414;-59;
1/4/2011;Crude materials;312;420;-108;
1/5/2011;Crude materials;332;473;-141;
1/6/2011;Crude materials;347;419;-72;
1/7/2011;Crude materials;317;434;-117;
1/8/2011;Crude materials;346;446;-100;
1/9/2011;Crude materials;308;416;-108;
1/10/2011;Crude materials;283;419;-136;
1/11/2011;Crude materials;321;435;-114;
1/12/2011;Crude materials;310;431;-121;
1/1/2012;Crude materials;299;446;-147;
1/2/2012;Crude materials;328;416;-88;
1/3/2012;Crude materials;348;371;-23;
1/4/2012;Crude materials;330;422;-92;
1/5/2012;Crude materials;306;404;-98;
1/6/2012;Crude materials;265;405;-140;
1/7/2012;Crude materials;280;386;-106;
1/8/2012;Crude materials;331;392;-61;
1/9/2012;Crude materials;295;402;-107;
1/10/2012;Crude materials;292;455;-163;
1/11/2012;Crude materials;286;437;-151;
1/12/2012;Crude materials;287;425;-138;
1/1/2013;Crude materials;291;428;-137;
1/2/2013;Crude materials;320;465;-145;
1/3/2013;Crude materials;333;461;-128;
1/4/2013;Crude materials;284;423;-139;
1/5/2013;Crude materials;298;425;-127;
1/6/2013;Crude materials;250;438;-188;
1/7/2013;Crude materials;226;465;-239;
1/8/2013;Crude materials;259;498;-239;
1/9/2013;Crude materials;270;486;-216;
1/10/2013;Crude materials;250;480;-230;
1/11/2013;Crude materials;251;475;-224;
1/12/2013;Crude materials;256;490;-234;
1/1/2014;Crude materials;248;509;-261;
1/2/2014;Crude materials;260;463;-203;
1/3/2014;Crude materials;241;459;-218;
1/4/2014;Crude materials;273;503;-230;
1/5/2014;Crude materials;235;498;-263;
1/6/2014;Crude materials;259;514;-255;
1/7/2014;Crude materials;292;494;-202;
1/8/2014;Crude materials;243;509;-266;
1/9/2014;Crude materials;238;528;-290;
1/10/2014;Crude materials;241;480;-239;
1/11/2014;Crude materials;237;518;-281;
1/12/2014;Crude materials;248;489;-241;
1/1/2015;Crude materials;232;476;-244;
1/2/2015;Crude materials;216;503;-287;
1/3/2015;Crude materials;234;531;-297;
1/4/2015;Crude materials;200;491;-291;
1/5/2015;Crude materials;219;498;-279;
1/6/2015;Crude materials;220;503;-283;
1/7/2015;Crude materials;184;495;-311;
1/8/2015;Crude materials;214;471;-257;
1/9/2015;Crude materials;197;445;-248;
1/10/2015;Crude materials;221;493;-272;
1/11/2015;Crude materials;188;493;-305;
1/12/2015;Crude materials;184;450;-266;
1/1/2016;Crude materials;190;464;-274;
1/2/2016;Crude materials;188;466;-278;
1/3/2016;Crude materials;195;484;-289;
1/4/2016;Crude materials;203;483;-280;
1/5/2016;Crude materials;205;453;-248;
1/6/2016;Crude materials;181;484;-303;
1/7/2016;Crude materials;194;465;-271;
1/8/2016;Crude materials;194;486;-292;
1/9/2016;Crude materials;187;464;-277;
1/10/2016;Crude materials;192;499;-307;
1/11/2016;Crude materials;214;460;-246;
1/12/2016;Crude materials;221;525;-304;
1/1/2017;Crude materials;210;531;-321;
1/2/2017;Crude materials;208;513;-305;
1/3/2017;Crude materials;218;510;-292;
1/4/2017;Crude materials;218;480;-262;
1/5/2017;Crude materials;222;483;-261;
1/6/2017;Crude materials;214;488;-274;
1/7/2017;Crude materials;224;490;-266;
1/8/2017;Crude materials;217;525;-308;
1/9/2017;Crude materials;214;520;-306;
1/10/2017;Crude materials;232;473;-241;
1/11/2017;Crude materials;199;484;-285;
1/12/2017;Crude materials;213;517;-304;
1/1/2018;Crude materials;203;472;-269;
1/2/2018;Crude materials;229;461;-232;
1/3/2018;Crude materials;202;444;-242;
1/4/2018;Crude materials;208;458;-250;
1/5/2018;Crude materials;206;485;-279;
1/6/2018;Crude materials;225;477;-252;
1/7/2018;Crude materials;224;495;-271;
1/8/2018;Crude materials;206;483;-277;
1/9/2018;Crude materials;227;471;-244;
1/10/2018;Crude materials;211;464;-253;
1/11/2018;Crude materials;208;502;-294;
1/12/2018;Crude materials;211;489;-278;
1/1/2019;Crude materials;216;491;-275;
1/2/2019;Crude materials;220;507;-287;
1/3/2019;Crude materials;222;502;-280;
1/4/2019;Crude materials;216;502;-286;
1/5/2019;Crude materials;227;463;-236;
1/6/2019;Crude materials;199;473;-274;
1/7/2019;Crude materials;199;465;-266;
1/8/2019;Crude materials;200;446;-246;
1/9/2019;Crude materials;196;414;-218;
1/10/2019;Crude materials;200;459;-259;
1/11/2019;Crude materials;203;462;-259;
1/12/2019;Crude materials;189;467;-278;
1/1/2020;Crude materials;210;445;-235;
1/2/2020;Crude materials;215;557;-342;
1/3/2020;Crude materials;207;435;-228;
1/4/2020;Crude materials;154;367;-213;
1/5/2020;Crude materials;175;356;-181;
1/6/2020;Crude materials;190;442;-252;
1/7/2020;Crude materials;211;468;-257;
1/8/2020;Crude materials;213;519;-306;
1/9/2020;Crude materials;224;557;-333;
1/10/2020;Crude materials;226;587;-361;
1/11/2020;Crude materials;238;585;-347;
1/12/2020;Crude materials;248;633;-385;
1/1/2021;Crude materials;176;443;-267;
1/1/1997;Fuels;2499;403;2096;
1/2/1997;Fuels;2663;507;2156;
1/3/1997;Fuels;2962;513;2449;
1/4/1997;Fuels;2632;666;1966;
1/5/1997;Fuels;2867;527;2340;
1/6/1997;Fuels;2247;631;1616;
1/7/1997;Fuels;2989;465;2524;
1/8/1997;Fuels;2832;539;2293;
1/9/1997;Fuels;2831;455;2376;
1/10/1997;Fuels;2655;473;2182;
1/11/1997;Fuels;3369;547;2822;
1/12/1997;Fuels;2635;588;2047;
1/1/1998;Fuels;2804;605;2199;
1/2/1998;Fuels;3011;620;2391;
1/3/1998;Fuels;2678;590;2088;
1/4/1998;Fuels;2548;600;1948;
1/5/1998;Fuels;2917;604;2313;
1/6/1998;Fuels;2643;648;1995;
1/7/1998;Fuels;2557;551;2006;
1/8/1998;Fuels;2152;515;1637;
1/9/1998;Fuels;2620;478;2142;
1/10/1998;Fuels;2258;534;1724;
1/11/1998;Fuels;2473;668;1805;
1/12/1998;Fuels;2819;715;2104;
1/1/1999;Fuels;2656;743;1913;
1/2/1999;Fuels;2759;710;2049;
1/3/1999;Fuels;2641;706;1935;
1/4/1999;Fuels;2091;617;1474;
1/5/1999;Fuels;2183;556;1627;
1/6/1999;Fuels;1945;538;1407;
1/7/1999;Fuels;2348;612;1736;
1/8/1999;Fuels;2450;672;1778;
1/9/1999;Fuels;2439;685;1754;
1/10/1999;Fuels;2578;565;2013;
1/11/1999;Fuels;2679;549;2130;
1/12/1999;Fuels;2709;518;2191;
1/1/2000;Fuels;2984;560;2424;
1/2/2000;Fuels;2196;517;1679;
1/3/2000;Fuels;2701;510;2191;
1/4/2000;Fuels;2814;525;2289;
1/5/2000;Fuels;2275;449;1826;
1/6/2000;Fuels;2361;606;1755;
1/7/2000;Fuels;2495;656;1839;
1/8/2000;Fuels;2217;518;1699;
1/9/2000;Fuels;2056;553;1503;
1/10/2000;Fuels;2039;620;1419;
1/11/2000;Fuels;2228;493;1735;
1/12/2000;Fuels;2769;804;1965;
1/1/2001;Fuels;2936;450;2486;
1/2/2001;Fuels;2514;589;1925;
1/3/2001;Fuels;2771;700;2071;
1/4/2001;Fuels;2663;653;2010;
1/5/2001;Fuels;2598;733;1865;
1/6/2001;Fuels;2183;832;1351;
1/7/2001;Fuels;3052;635;2417;
1/8/2001;Fuels;3097;491;2606;
1/9/2001;Fuels;3041;490;2551;
1/10/2001;Fuels;3304;893;2411;
1/11/2001;Fuels;3385;630;2755;
1/12/2001;Fuels;3266;654;2612;
1/1/2002;Fuels;3081;560;2521;
1/2/2002;Fuels;2890;678;2212;
1/3/2002;Fuels;2995;674;2321;
1/4/2002;Fuels;3261;636;2625;
1/5/2002;Fuels;2621;726;1895;
1/6/2002;Fuels;2917;725;2192;
1/7/2002;Fuels;2367;635;1732;
1/8/2002;Fuels;2349;695;1654;
1/9/2002;Fuels;2956;780;2176;
1/10/2002;Fuels;2552;796;1756;
1/11/2002;Fuels;3020;771;2249;
1/12/2002;Fuels;3123;638;2485;
1/1/2003;Fuels;2589;702;1887;
1/2/2003;Fuels;2573;507;2066;
1/3/2003;Fuels;3121;550;2571;
1/4/2003;Fuels;2978;695;2283;
1/5/2003;Fuels;2791;697;2094;
1/6/2003;Fuels;2681;515;2166;
1/7/2003;Fuels;2869;665;2204;
1/8/2003;Fuels;2429;677;1752;
1/9/2003;Fuels;2429;703;1726;
1/10/2003;Fuels;3029;645;2384;
1/11/2003;Fuels;2576;618;1958;
1/12/2003;Fuels;2978;778;2200;
1/1/2004;Fuels;2859;780;2079;
1/2/2004;Fuels;2368;837;1531;
1/3/2004;Fuels;2763;810;1953;
1/4/2004;Fuels;2462;888;1574;
1/5/2004;Fuels;2003;694;1309;
1/6/2004;Fuels;2536;715;1821;
1/7/2004;Fuels;2378;771;1607;
1/8/2004;Fuels;2647;671;1976;
1/9/2004;Fuels;2243;708;1535;
1/10/2004;Fuels;2399;566;1833;
1/11/2004;Fuels;2432;463;1969;
1/12/2004;Fuels;3192;657;2535;
1/1/2005;Fuels;2761;628;2133;
1/2/2005;Fuels;1945;610;1335;
1/3/2005;Fuels;2541;573;1968;
1/4/2005;Fuels;2378;655;1723;
1/5/2005;Fuels;2438;648;1790;
1/6/2005;Fuels;2194;569;1625;
1/7/2005;Fuels;2058;576;1482;
1/8/2005;Fuels;1807;702;1105;
1/9/2005;Fuels;1871;546;1325;
1/10/2005;Fuels;2306;605;1701;
1/11/2005;Fuels;2128;826;1302;
1/12/2005;Fuels;2555;746;1809;
1/1/2006;Fuels;2445;762;1683;
1/2/2006;Fuels;2341;924;1417;
1/3/2006;Fuels;2792;1079;1713;
1/4/2006;Fuels;2266;649;1617;
1/5/2006;Fuels;2312;588;1724;
1/6/2006;Fuels;2456;631;1825;
1/7/2006;Fuels;2439;659;1780;
1/8/2006;Fuels;2105;600;1505;
1/9/2006;Fuels;2398;680;1718;
1/10/2006;Fuels;2675;768;1907;
1/11/2006;Fuels;2515;644;1871;
1/12/2006;Fuels;2404;807;1597;
1/1/2007;Fuels;2551;935;1616;
1/2/2007;Fuels;2405;725;1680;
1/3/2007;Fuels;2134;830;1304;
1/4/2007;Fuels;2369;857;1512;
1/5/2007;Fuels;2405;818;1587;
1/6/2007;Fuels;2123;877;1246;
1/7/2007;Fuels;2342;822;1520;
1/8/2007;Fuels;2252;973;1279;
1/9/2007;Fuels;2394;948;1446;
1/10/2007;Fuels;2293;868;1425;
1/11/2007;Fuels;2268;957;1311;
1/12/2007;Fuels;2380;1014;1366;
1/1/2008;Fuels;2323;941;1382;
1/2/2008;Fuels;2317;877;1440;
1/3/2008;Fuels;2343;1020;1323;
1/4/2008;Fuels;2241;1038;1203;
1/5/2008;Fuels;2189;992;1197;
1/6/2008;Fuels;2061;1020;1041;
1/7/2008;Fuels;1859;922;937;
1/8/2008;Fuels;2278;956;1322;
1/9/2008;Fuels;2530;794;1736;
1/10/2008;Fuels;2370;896;1474;
1/11/2008;Fuels;3172;798;2374;
1/12/2008;Fuels;3103;815;2288;
1/1/2009;Fuels;3211;761;2450;
1/2/2009;Fuels;2503;897;1606;
1/3/2009;Fuels;2683;947;1736;
1/4/2009;Fuels;2063;861;1202;
1/5/2009;Fuels;1888;828;1060;
1/6/2009;Fuels;1873;811;1062;
1/7/2009;Fuels;2181;804;1377;
1/8/2009;Fuels;1841;871;970;
1/9/2009;Fuels;2225;772;1453;
1/10/2009;Fuels;2121;760;1361;
1/11/2009;Fuels;2066;809;1257;
1/12/2009;Fuels;2221;845;1376;
1/1/2010;Fuels;2514;824;1690;
1/2/2010;Fuels;2545;816;1729;
1/3/2010;Fuels;2375;823;1552;
1/4/2010;Fuels;2332;812;1520;
1/5/2010;Fuels;2380;847;1533;
1/6/2010;Fuels;2552;997;1555;
1/7/2010;Fuels;2159;1200;959;
1/8/2010;Fuels;2245;985;1260;
1/9/2010;Fuels;2127;1023;1104;
1/10/2010;Fuels;2796;781;2015;
1/11/2010;Fuels;2548;1019;1529;
1/12/2010;Fuels;2460;1195;1265;
1/1/2011;Fuels;2760;988;1772;
1/2/2011;Fuels;2069;885;1184;
1/3/2011;Fuels;2561;910;1651;
1/4/2011;Fuels;2551;998;1553;
1/5/2011;Fuels;2693;1042;1651;
1/6/2011;Fuels;2459;952;1507;
1/7/2011;Fuels;2218;1077;1141;
1/8/2011;Fuels;2097;973;1124;
1/9/2011;Fuels;2390;1114;1276;
1/10/2011;Fuels;2523;1053;1470;
1/11/2011;Fuels;2378;949;1429;
1/12/2011;Fuels;2355;967;1388;
1/1/2012;Fuels;2274;1019;1255;
1/2/2012;Fuels;2426;834;1592;
1/3/2012;Fuels;2251;1127;1124;
1/4/2012;Fuels;2149;1087;1062;
1/5/2012;Fuels;2251;1191;1060;
1/6/2012;Fuels;2458;1151;1307;
1/7/2012;Fuels;2610;1136;1474;
1/8/2012;Fuels;2357;1157;1200;
1/9/2012;Fuels;2182;980;1202;
1/10/2012;Fuels;1948;1238;710;
1/11/2012;Fuels;2347;1157;1190;
1/12/2012;Fuels;2514;1232;1282;
1/1/2013;Fuels;2411;1067;1344;
1/2/2013;Fuels;2212;989;1223;
1/3/2013;Fuels;2200;1366;834;
1/4/2013;Fuels;2059;1119;940;
1/5/2013;Fuels;2531;1103;1428;
1/6/2013;Fuels;2124;1088;1036;
1/7/2013;Fuels;2637;932;1705;
1/8/2013;Fuels;2241;1090;1151;
1/9/2013;Fuels;2183;1054;1129;
1/10/2013;Fuels;1768;1159;609;
1/11/2013;Fuels;1963;1211;752;
1/12/2013;Fuels;2299;989;1310;
1/1/2014;Fuels;1914;1039;875;
1/2/2014;Fuels;1944;910;1034;
1/3/2014;Fuels;2769;736;2033;
1/4/2014;Fuels;2209;905;1304;
1/5/2014;Fuels;2584;915;1669;
1/6/2014;Fuels;1935;968;967;
1/7/2014;Fuels;1947;974;973;
1/8/2014;Fuels;1583;995;588;
1/9/2014;Fuels;2044;969;1075;
1/10/2014;Fuels;2399;985;1414;
1/11/2014;Fuels;2234;943;1291;
1/12/2014;Fuels;2533;1096;1437;
1/1/2015;Fuels;2248;930;1318;
1/2/2015;Fuels;2104;911;1193;
1/3/2015;Fuels;1908;975;933;
1/4/2015;Fuels;1674;953;721;
1/5/2015;Fuels;2906;928;1978;
1/6/2015;Fuels;2196;1027;1169;
1/7/2015;Fuels;1978;899;1079;
1/8/2015;Fuels;2687;1002;1685;
1/9/2015;Fuels;1919;922;997;
1/10/2015;Fuels;1952;853;1099;
1/11/2015;Fuels;1929;970;959;
1/12/2015;Fuels;2100;891;1209;
1/1/2016;Fuels;2179;927;1252;
1/2/2016;Fuels;2414;1034;1380;
1/3/2016;Fuels;1917;1015;902;
1/4/2016;Fuels;2490;1189;1301;
1/5/2016;Fuels;1820;852;968;
1/6/2016;Fuels;1542;890;652;
1/7/2016;Fuels;2223;1052;1171;
1/8/2016;Fuels;1636;848;788;
1/9/2016;Fuels;1517;958;559;
1/10/2016;Fuels;1365;901;464;
1/11/2016;Fuels;2120;1295;825;
1/12/2016;Fuels;1909;1016;893;
1/1/2017;Fuels;1768;974;794;
1/2/2017;Fuels;1946;1014;932;
1/3/2017;Fuels;2003;835;1168;
1/4/2017;Fuels;1782;835;947;
1/5/2017;Fuels;2233;891;1342;
1/6/2017;Fuels;2698;917;1781;
1/7/2017;Fuels;2313;1051;1262;
1/8/2017;Fuels;2129;930;1199;
1/9/2017;Fuels;2163;858;1305;
1/10/2017;Fuels;1965;974;991;
1/11/2017;Fuels;1949;971;978;
1/12/2017;Fuels;2098;1049;1049;
1/1/2018;Fuels;2109;1107;1002;
1/2/2018;Fuels;1874;1018;856;
1/3/2018;Fuels;1985;1256;729;
1/4/2018;Fuels;2011;1001;1010;
1/5/2018;Fuels;1795;1489;306;
1/6/2018;Fuels;2219;879;1340;
1/7/2018;Fuels;2414;872;1542;
1/8/2018;Fuels;2128;954;1174;
1/9/2018;Fuels;1915;858;1057;
1/10/2018;Fuels;1949;812;1137;
1/11/2018;Fuels;2076;824;1252;
1/12/2018;Fuels;2573;912;1661;
1/1/2019;Fuels;2586;877;1709;
1/2/2019;Fuels;2190;762;1428;
1/3/2019;Fuels;1964;820;1144;
1/4/2019;Fuels;1467;797;670;
1/5/2019;Fuels;2306;782;1524;
1/6/2019;Fuels;1610;917;693;
1/7/2019;Fuels;2052;795;1257;
1/8/2019;Fuels;1961;713;1248;
1/9/2019;Fuels;1989;601;1388;
1/10/2019;Fuels;2076;743;1333;
1/11/2019;Fuels;1875;602;1273;
1/12/2019;Fuels;2331;620;1711;
1/1/2020;Fuels;1992;652;1340;
1/2/2020;Fuels;2245;521;1724;
1/3/2020;Fuels;2039;627;1412;
1/4/2020;Fuels;2424;536;1888;
1/5/2020;Fuels;2458;544;1914;
1/6/2020;Fuels;1631;628;1003;
1/7/2020;Fuels;2051;556;1495;
1/8/2020;Fuels;1937;658;1279;
1/9/2020;Fuels;1857;663;1194;
1/10/2020;Fuels;1978;672;1306;
1/11/2020;Fuels;1895;634;1261;
1/12/2020;Fuels;2317;707;1610;
1/1/2021;Fuels;1146;676;470;
1/1/1997;Animal & vegetable oils & fats;30;50;-20;
1/2/1997;Animal & vegetable oils & fats;25;55;-30;
1/3/1997;Animal & vegetable oils & fats;27;60;-33;
1/4/1997;Animal & vegetable oils & fats;34;56;-22;
1/5/1997;Animal & vegetable oils & fats;48;45;3;
1/6/1997;Animal & vegetable oils & fats;32;62;-30;
1/7/1997;Animal & vegetable oils & fats;34;49;-15;
1/8/1997;Animal & vegetable oils & fats;34;56;-22;
1/9/1997;Animal & vegetable oils & fats;37;54;-17;
1/10/1997;Animal & vegetable oils & fats;30;58;-28;
1/11/1997;Animal & vegetable oils & fats;32;58;-26;
1/12/1997;Animal & vegetable oils & fats;27;52;-25;
1/1/1998;Animal & vegetable oils & fats;34;49;-15;
1/2/1998;Animal & vegetable oils & fats;32;54;-22;
1/3/1998;Animal & vegetable oils & fats;30;54;-24;
1/4/1998;Animal & vegetable oils & fats;29;54;-25;
1/5/1998;Animal & vegetable oils & fats;27;51;-24;
1/6/1998;Animal & vegetable oils & fats;30;49;-19;
1/7/1998;Animal & vegetable oils & fats;27;51;-24;
1/8/1998;Animal & vegetable oils & fats;20;54;-34;
1/9/1998;Animal & vegetable oils & fats;30;51;-21;
1/10/1998;Animal & vegetable oils & fats;33;67;-34;
1/11/1998;Animal & vegetable oils & fats;27;62;-35;
1/12/1998;Animal & vegetable oils & fats;23;54;-31;
1/1/1999;Animal & vegetable oils & fats;29;68;-39;
1/2/1999;Animal & vegetable oils & fats;30;74;-44;
1/3/1999;Animal & vegetable oils & fats;28;56;-28;
1/4/1999;Animal & vegetable oils & fats;25;54;-29;
1/5/1999;Animal & vegetable oils & fats;21;47;-26;
1/6/1999;Animal & vegetable oils & fats;15;53;-38;
1/7/1999;Animal & vegetable oils & fats;21;59;-38;
1/8/1999;Animal & vegetable oils & fats;21;53;-32;
1/9/1999;Animal & vegetable oils & fats;26;72;-46;
1/10/1999;Animal & vegetable oils & fats;20;60;-40;
1/11/1999;Animal & vegetable oils & fats;17;53;-36;
1/12/1999;Animal & vegetable oils & fats;24;55;-31;
1/1/2000;Animal & vegetable oils & fats;20;53;-33;
1/2/2000;Animal & vegetable oils & fats;17;54;-37;
1/3/2000;Animal & vegetable oils & fats;17;45;-28;
1/4/2000;Animal & vegetable oils & fats;15;43;-28;
1/5/2000;Animal & vegetable oils & fats;17;58;-41;
1/6/2000;Animal & vegetable oils & fats;22;53;-31;
1/7/2000;Animal & vegetable oils & fats;23;55;-32;
1/8/2000;Animal & vegetable oils & fats;15;55;-40;
1/9/2000;Animal & vegetable oils & fats;17;60;-43;
1/10/2000;Animal & vegetable oils & fats;16;56;-40;
1/11/2000;Animal & vegetable oils & fats;14;58;-44;
1/12/2000;Animal & vegetable oils & fats;19;44;-25;
1/1/2001;Animal & vegetable oils & fats;14;55;-41;
1/2/2001;Animal & vegetable oils & fats;14;55;-41;
1/3/2001;Animal & vegetable oils & fats;18;62;-44;
1/4/2001;Animal & vegetable oils & fats;19;59;-40;
1/5/2001;Animal & vegetable oils & fats;18;55;-37;
1/6/2001;Animal & vegetable oils & fats;16;54;-38;
1/7/2001;Animal & vegetable oils & fats;16;55;-39;
1/8/2001;Animal & vegetable oils & fats;21;50;-29;
1/9/2001;Animal & vegetable oils & fats;16;50;-34;
1/10/2001;Animal & vegetable oils & fats;19;56;-37;
1/11/2001;Animal & vegetable oils & fats;26;51;-25;
1/12/2001;Animal & vegetable oils & fats;15;47;-32;
1/1/2002;Animal & vegetable oils & fats;26;49;-23;
1/2/2002;Animal & vegetable oils & fats;22;51;-29;
1/3/2002;Animal & vegetable oils & fats;20;55;-35;
1/4/2002;Animal & vegetable oils & fats;20;58;-38;
1/5/2002;Animal & vegetable oils & fats;27;51;-24;
1/6/2002;Animal & vegetable oils & fats;24;53;-29;
1/7/2002;Animal & vegetable oils & fats;29;53;-24;
1/8/2002;Animal & vegetable oils & fats;35;51;-16;
1/9/2002;Animal & vegetable oils & fats;38;53;-15;
1/10/2002;Animal & vegetable oils & fats;33;49;-16;
1/11/2002;Animal & vegetable oils & fats;27;53;-26;
1/12/2002;Animal & vegetable oils & fats;31;54;-23;
1/1/2003;Animal & vegetable oils & fats;44;53;-9;
1/2/2003;Animal & vegetable oils & fats;41;58;-17;
1/3/2003;Animal & vegetable oils & fats;35;66;-31;
1/4/2003;Animal & vegetable oils & fats;50;62;-12;
1/5/2003;Animal & vegetable oils & fats;62;66;-4;
1/6/2003;Animal & vegetable oils & fats;39;62;-23;
1/7/2003;Animal & vegetable oils & fats;37;54;-17;
1/8/2003;Animal & vegetable oils & fats;28;60;-32;
1/9/2003;Animal & vegetable oils & fats;30;54;-24;
1/10/2003;Animal & vegetable oils & fats;30;62;-32;
1/11/2003;Animal & vegetable oils & fats;30;64;-34;
1/12/2003;Animal & vegetable oils & fats;31;63;-32;
1/1/2004;Animal & vegetable oils & fats;24;56;-32;
1/2/2004;Animal & vegetable oils & fats;24;58;-34;
1/3/2004;Animal & vegetable oils & fats;25;61;-36;
1/4/2004;Animal & vegetable oils & fats;26;44;-18;
1/5/2004;Animal & vegetable oils & fats;27;56;-29;
1/6/2004;Animal & vegetable oils & fats;27;56;-29;
1/7/2004;Animal & vegetable oils & fats;26;62;-36;
1/8/2004;Animal & vegetable oils & fats;29;67;-38;
1/9/2004;Animal & vegetable oils & fats;31;63;-32;
1/10/2004;Animal & vegetable oils & fats;28;68;-40;
1/11/2004;Animal & vegetable oils & fats;32;70;-38;
1/12/2004;Animal & vegetable oils & fats;22;73;-51;
1/1/2005;Animal & vegetable oils & fats;32;62;-30;
1/2/2005;Animal & vegetable oils & fats;30;64;-34;
1/3/2005;Animal & vegetable oils & fats;32;65;-33;
1/4/2005;Animal & vegetable oils & fats;30;58;-28;
1/5/2005;Animal & vegetable oils & fats;30;58;-28;
1/6/2005;Animal & vegetable oils & fats;28;60;-32;
1/7/2005;Animal & vegetable oils & fats;30;68;-38;
1/8/2005;Animal & vegetable oils & fats;33;69;-36;
1/9/2005;Animal & vegetable oils & fats;28;69;-41;
1/10/2005;Animal & vegetable oils & fats;33;69;-36;
1/11/2005;Animal & vegetable oils & fats;30;60;-30;
1/12/2005;Animal & vegetable oils & fats;28;67;-39;
1/1/2006;Animal & vegetable oils & fats;34;69;-35;
1/2/2006;Animal & vegetable oils & fats;41;77;-36;
1/3/2006;Animal & vegetable oils & fats;42;60;-18;
1/4/2006;Animal & vegetable oils & fats;36;73;-37;
1/5/2006;Animal & vegetable oils & fats;36;63;-27;
1/6/2006;Animal & vegetable oils & fats;30;71;-41;
1/7/2006;Animal & vegetable oils & fats;53;69;-16;
1/8/2006;Animal & vegetable oils & fats;36;68;-32;
1/9/2006;Animal & vegetable oils & fats;38;71;-33;
1/10/2006;Animal & vegetable oils & fats;31;73;-42;
1/11/2006;Animal & vegetable oils & fats;39;80;-41;
1/12/2006;Animal & vegetable oils & fats;35;72;-37;
1/1/2007;Animal & vegetable oils & fats;35;77;-42;
1/2/2007;Animal & vegetable oils & fats;37;82;-45;
1/3/2007;Animal & vegetable oils & fats;35;93;-58;
1/4/2007;Animal & vegetable oils & fats;41;86;-45;
1/5/2007;Animal & vegetable oils & fats;35;82;-47;
1/6/2007;Animal & vegetable oils & fats;43;73;-30;
1/7/2007;Animal & vegetable oils & fats;35;75;-40;
1/8/2007;Animal & vegetable oils & fats;36;82;-46;
1/9/2007;Animal & vegetable oils & fats;61;73;-12;
1/10/2007;Animal & vegetable oils & fats;39;84;-45;
1/11/2007;Animal & vegetable oils & fats;48;95;-47;
1/12/2007;Animal & vegetable oils & fats;41;78;-37;
1/1/2008;Animal & vegetable oils & fats;44;62;-18;
1/2/2008;Animal & vegetable oils & fats;39;75;-36;
1/3/2008;Animal & vegetable oils & fats;30;83;-53;
1/4/2008;Animal & vegetable oils & fats;39;98;-59;
1/5/2008;Animal & vegetable oils & fats;37;96;-59;
1/6/2008;Animal & vegetable oils & fats;39;93;-54;
1/7/2008;Animal & vegetable oils & fats;33;109;-76;
1/8/2008;Animal & vegetable oils & fats;28;126;-98;
1/9/2008;Animal & vegetable oils & fats;25;96;-71;
1/10/2008;Animal & vegetable oils & fats;33;104;-71;
1/11/2008;Animal & vegetable oils & fats;21;100;-79;
1/12/2008;Animal & vegetable oils & fats;21;90;-69;
1/1/2009;Animal & vegetable oils & fats;58;88;-30;
1/2/2009;Animal & vegetable oils & fats;57;80;-23;
1/3/2009;Animal & vegetable oils & fats;56;85;-29;
1/4/2009;Animal & vegetable oils & fats;59;73;-14;
1/5/2009;Animal & vegetable oils & fats;28;82;-54;
1/6/2009;Animal & vegetable oils & fats;24;81;-57;
1/7/2009;Animal & vegetable oils & fats;25;77;-52;
1/8/2009;Animal & vegetable oils & fats;21;66;-45;
1/9/2009;Animal & vegetable oils & fats;24;67;-43;
1/10/2009;Animal & vegetable oils & fats;31;81;-50;
1/11/2009;Animal & vegetable oils & fats;22;64;-42;
1/12/2009;Animal & vegetable oils & fats;25;72;-47;
1/1/2010;Animal & vegetable oils & fats;15;72;-57;
1/2/2010;Animal & vegetable oils & fats;38;57;-19;
1/3/2010;Animal & vegetable oils & fats;40;63;-23;
1/4/2010;Animal & vegetable oils & fats;43;64;-21;
1/5/2010;Animal & vegetable oils & fats;53;66;-13;
1/6/2010;Animal & vegetable oils & fats;37;73;-36;
1/7/2010;Animal & vegetable oils & fats;35;58;-23;
1/8/2010;Animal & vegetable oils & fats;37;80;-43;
1/9/2010;Animal & vegetable oils & fats;45;86;-41;
1/10/2010;Animal & vegetable oils & fats;39;80;-41;
1/11/2010;Animal & vegetable oils & fats;36;79;-43;
1/12/2010;Animal & vegetable oils & fats;42;83;-41;
1/1/2011;Animal & vegetable oils & fats;30;76;-46;
1/2/2011;Animal & vegetable oils & fats;40;80;-40;
1/3/2011;Animal & vegetable oils & fats;42;76;-34;
1/4/2011;Animal & vegetable oils & fats;24;65;-41;
1/5/2011;Animal & vegetable oils & fats;29;76;-47;
1/6/2011;Animal & vegetable oils & fats;26;107;-81;
1/7/2011;Animal & vegetable oils & fats;26;83;-57;
1/8/2011;Animal & vegetable oils & fats;31;72;-41;
1/9/2011;Animal & vegetable oils & fats;23;67;-44;
1/10/2011;Animal & vegetable oils & fats;24;78;-54;
1/11/2011;Animal & vegetable oils & fats;24;72;-48;
1/12/2011;Animal & vegetable oils & fats;19;75;-56;
1/1/2012;Animal & vegetable oils & fats;27;80;-53;
1/2/2012;Animal & vegetable oils & fats;27;77;-50;
1/3/2012;Animal & vegetable oils & fats;28;86;-58;
1/4/2012;Animal & vegetable oils & fats;25;78;-53;
1/5/2012;Animal & vegetable oils & fats;27;75;-48;
1/6/2012;Animal & vegetable oils & fats;38;64;-26;
1/7/2012;Animal & vegetable oils & fats;25;84;-59;
1/8/2012;Animal & vegetable oils & fats;40;58;-18;
1/9/2012;Animal & vegetable oils & fats;39;65;-26;
1/10/2012;Animal & vegetable oils & fats;41;73;-32;
1/11/2012;Animal & vegetable oils & fats;37;73;-36;
1/12/2012;Animal & vegetable oils & fats;28;70;-42;
1/1/2013;Animal & vegetable oils & fats;30;64;-34;
1/2/2013;Animal & vegetable oils & fats;37;71;-34;
1/3/2013;Animal & vegetable oils & fats;33;66;-33;
1/4/2013;Animal & vegetable oils & fats;34;87;-53;
1/5/2013;Animal & vegetable oils & fats;38;60;-22;
1/6/2013;Animal & vegetable oils & fats;36;64;-28;
1/7/2013;Animal & vegetable oils & fats;24;73;-49;
1/8/2013;Animal & vegetable oils & fats;31;84;-53;
1/9/2013;Animal & vegetable oils & fats;32;85;-53;
1/10/2013;Animal & vegetable oils & fats;37;88;-51;
1/11/2013;Animal & vegetable oils & fats;31;70;-39;
1/12/2013;Animal & vegetable oils & fats;35;78;-43;
1/1/2014;Animal & vegetable oils & fats;36;71;-35;
1/2/2014;Animal & vegetable oils & fats;33;82;-49;
1/3/2014;Animal & vegetable oils & fats;41;64;-23;
1/4/2014;Animal & vegetable oils & fats;30;65;-35;
1/5/2014;Animal & vegetable oils & fats;32;67;-35;
1/6/2014;Animal & vegetable oils & fats;31;70;-39;
1/7/2014;Animal & vegetable oils & fats;28;65;-37;
1/8/2014;Animal & vegetable oils & fats;32;57;-25;
1/9/2014;Animal & vegetable oils & fats;43;57;-14;
1/10/2014;Animal & vegetable oils & fats;34;59;-25;
1/11/2014;Animal & vegetable oils & fats;31;68;-37;
1/12/2014;Animal & vegetable oils & fats;34;61;-27;
1/1/2015;Animal & vegetable oils & fats;36;52;-16;
1/2/2015;Animal & vegetable oils & fats;39;62;-23;
1/3/2015;Animal & vegetable oils & fats;37;59;-22;
1/4/2015;Animal & vegetable oils & fats;39;65;-26;
1/5/2015;Animal & vegetable oils & fats;28;56;-28;
1/6/2015;Animal & vegetable oils & fats;33;57;-24;
1/7/2015;Animal & vegetable oils & fats;38;68;-30;
1/8/2015;Animal & vegetable oils & fats;34;60;-26;
1/9/2015;Animal & vegetable oils & fats;44;66;-22;
1/10/2015;Animal & vegetable oils & fats;31;65;-34;
1/11/2015;Animal & vegetable oils & fats;34;69;-35;
1/12/2015;Animal & vegetable oils & fats;36;68;-32;
1/1/2016;Animal & vegetable oils & fats;30;77;-47;
1/2/2016;Animal & vegetable oils & fats;33;62;-29;
1/3/2016;Animal & vegetable oils & fats;30;67;-37;
1/4/2016;Animal & vegetable oils & fats;34;75;-41;
1/5/2016;Animal & vegetable oils & fats;30;65;-35;
1/6/2016;Animal & vegetable oils & fats;32;61;-29;
1/7/2016;Animal & vegetable oils & fats;29;52;-23;
1/8/2016;Animal & vegetable oils & fats;25;80;-55;
1/9/2016;Animal & vegetable oils & fats;32;67;-35;
1/10/2016;Animal & vegetable oils & fats;30;64;-34;
1/11/2016;Animal & vegetable oils & fats;31;67;-36;
1/12/2016;Animal & vegetable oils & fats;30;64;-34;
1/1/2017;Animal & vegetable oils & fats;33;59;-26;
1/2/2017;Animal & vegetable oils & fats;30;71;-41;
1/3/2017;Animal & vegetable oils & fats;32;75;-43;
1/4/2017;Animal & vegetable oils & fats;38;70;-32;
1/5/2017;Animal & vegetable oils & fats;34;75;-41;
1/6/2017;Animal & vegetable oils & fats;37;85;-48;
1/7/2017;Animal & vegetable oils & fats;36;79;-43;
1/8/2017;Animal & vegetable oils & fats;44;136;-92;
1/9/2017;Animal & vegetable oils & fats;31;67;-36;
1/10/2017;Animal & vegetable oils & fats;39;77;-38;
1/11/2017;Animal & vegetable oils & fats;41;77;-36;
1/12/2017;Animal & vegetable oils & fats;37;79;-42;
1/1/2018;Animal & vegetable oils & fats;37;76;-39;
1/2/2018;Animal & vegetable oils & fats;30;96;-66;
1/3/2018;Animal & vegetable oils & fats;41;69;-28;
1/4/2018;Animal & vegetable oils & fats;33;68;-35;
1/5/2018;Animal & vegetable oils & fats;44;76;-32;
1/6/2018;Animal & vegetable oils & fats;38;73;-35;
1/7/2018;Animal & vegetable oils & fats;48;72;-24;
1/8/2018;Animal & vegetable oils & fats;39;79;-40;
1/9/2018;Animal & vegetable oils & fats;29;75;-46;
1/10/2018;Animal & vegetable oils & fats;42;74;-32;
1/11/2018;Animal & vegetable oils & fats;45;60;-15;
1/12/2018;Animal & vegetable oils & fats;44;63;-19;
1/1/2019;Animal & vegetable oils & fats;40;71;-31;
1/2/2019;Animal & vegetable oils & fats;40;66;-26;
1/3/2019;Animal & vegetable oils & fats;38;70;-32;
1/4/2019;Animal & vegetable oils & fats;44;72;-28;
1/5/2019;Animal & vegetable oils & fats;24;61;-37;
1/6/2019;Animal & vegetable oils & fats;44;73;-29;
1/7/2019;Animal & vegetable oils & fats;32;60;-28;
1/8/2019;Animal & vegetable oils & fats;36;60;-24;
1/9/2019;Animal & vegetable oils & fats;35;66;-31;
1/10/2019;Animal & vegetable oils & fats;47;76;-29;
1/11/2019;Animal & vegetable oils & fats;34;60;-26;
1/12/2019;Animal & vegetable oils & fats;33;66;-33;
1/1/2020;Animal & vegetable oils & fats;40;62;-22;
1/2/2020;Animal & vegetable oils & fats;37;57;-20;
1/3/2020;Animal & vegetable oils & fats;40;63;-23;
1/4/2020;Animal & vegetable oils & fats;35;66;-31;
1/5/2020;Animal & vegetable oils & fats;37;57;-20;
1/6/2020;Animal & vegetable oils & fats;39;63;-24;
1/7/2020;Animal & vegetable oils & fats;35;72;-37;
1/8/2020;Animal & vegetable oils & fats;36;65;-29;
1/9/2020;Animal & vegetable oils & fats;36;62;-26;
1/10/2020;Animal & vegetable oils & fats;34;64;-30;
1/11/2020;Animal & vegetable oils & fats;29;59;-30;
1/12/2020;Animal & vegetable oils & fats;40;62;-22;
1/1/2021;Animal & vegetable oils & fats;17;48;-31;
1/1/1997;Chemicals;1371;1502;-131;
1/2/1997;Chemicals;1367;1520;-153;
1/3/1997;Chemicals;1306;1494;-188;
1/4/1997;Chemicals;1352;1497;-145;
1/5/1997;Chemicals;1330;1553;-223;
1/6/1997;Chemicals;1411;1491;-80;
1/7/1997;Chemicals;1404;1524;-120;
1/8/1997;Chemicals;1342;1456;-114;
1/9/1997;Chemicals;1374;1528;-154;
1/10/1997;Chemicals;1388;1550;-162;
1/11/1997;Chemicals;1403;1550;-147;
1/12/1997;Chemicals;1410;1553;-143;
1/1/1998;Chemicals;1411;1504;-93;
1/2/1998;Chemicals;1497;1620;-123;
1/3/1998;Chemicals;1403;1511;-108;
1/4/1998;Chemicals;1445;1602;-157;
1/5/1998;Chemicals;1458;1577;-119;
1/6/1998;Chemicals;1457;1592;-135;
1/7/1998;Chemicals;1441;1581;-140;
1/8/1998;Chemicals;1448;1590;-142;
1/9/1998;Chemicals;1403;1537;-134;
1/10/1998;Chemicals;1440;1586;-146;
1/11/1998;Chemicals;1419;1551;-132;
1/12/1998;Chemicals;1427;1565;-138;
1/1/1999;Chemicals;1454;1661;-207;
1/2/1999;Chemicals;1401;1599;-198;
1/3/1999;Chemicals;1489;1602;-113;
1/4/1999;Chemicals;1500;1654;-154;
1/5/1999;Chemicals;1443;1715;-272;
1/6/1999;Chemicals;1485;1689;-204;
1/7/1999;Chemicals;1523;1709;-186;
1/8/1999;Chemicals;1595;1769;-174;
1/9/1999;Chemicals;1581;1833;-252;
1/10/1999;Chemicals;1575;1719;-144;
1/11/1999;Chemicals;1554;1818;-264;
1/12/1999;Chemicals;1629;1818;-189;
1/1/2000;Chemicals;1589;1801;-212;
1/2/2000;Chemicals;1538;1719;-181;
1/3/2000;Chemicals;1564;1834;-270;
1/4/2000;Chemicals;1626;1792;-166;
1/5/2000;Chemicals;1611;1803;-192;
1/6/2000;Chemicals;1621;1814;-193;
1/7/2000;Chemicals;1663;1871;-208;
1/8/2000;Chemicals;1702;1872;-170;
1/9/2000;Chemicals;1719;1898;-179;
1/10/2000;Chemicals;1791;1896;-105;
1/11/2000;Chemicals;1658;1963;-305;
1/12/2000;Chemicals;1786;1939;-153;
1/1/2001;Chemicals;1812;1843;-31;
1/2/2001;Chemicals;1792;1869;-77;
1/3/2001;Chemicals;1810;1918;-108;
1/4/2001;Chemicals;1793;1980;-187;
1/5/2001;Chemicals;1800;2088;-288;
1/6/2001;Chemicals;1814;2078;-264;
1/7/2001;Chemicals;1788;1985;-197;
1/8/2001;Chemicals;1798;2086;-288;
1/9/2001;Chemicals;1750;2071;-321;
1/10/2001;Chemicals;1673;2133;-460;
1/11/2001;Chemicals;1871;2088;-217;
1/12/2001;Chemicals;1826;2167;-341;
1/1/2002;Chemicals;1861;2253;-392;
1/2/2002;Chemicals;1940;2233;-293;
1/3/2002;Chemicals;1865;2226;-361;
1/4/2002;Chemicals;1741;2203;-462;
1/5/2002;Chemicals;1945;2307;-362;
1/6/2002;Chemicals;1763;2206;-443;
1/7/2002;Chemicals;1903;2333;-430;
1/8/2002;Chemicals;1836;2228;-392;
1/9/2002;Chemicals;1992;2297;-305;
1/10/2002;Chemicals;1894;2348;-454;
1/11/2002;Chemicals;1974;2340;-366;
1/12/2002;Chemicals;1905;2243;-338;
1/1/2003;Chemicals;1957;2360;-403;
1/2/2003;Chemicals;2026;2434;-408;
1/3/2003;Chemicals;1965;2345;-380;
1/4/2003;Chemicals;1966;2387;-421;
1/5/2003;Chemicals;2005;2292;-287;
1/6/2003;Chemicals;2008;2395;-387;
1/7/2003;Chemicals;1961;2428;-467;
1/8/2003;Chemicals;1975;2426;-451;
1/9/2003;Chemicals;2008;2419;-411;
1/10/2003;Chemicals;2016;2415;-399;
1/11/2003;Chemicals;1981;2499;-518;
1/12/2003;Chemicals;1957;2495;-538;
1/1/2004;Chemicals;1993;2500;-507;
1/2/2004;Chemicals;2035;2374;-339;
1/3/2004;Chemicals;2089;2537;-448;
1/4/2004;Chemicals;2089;2468;-379;
1/5/2004;Chemicals;2030;2613;-583;
1/6/2004;Chemicals;2185;2536;-351;
1/7/2004;Chemicals;2082;2449;-367;
1/8/2004;Chemicals;2049;2484;-435;
1/9/2004;Chemicals;2065;2494;-429;
1/10/2004;Chemicals;2110;2738;-628;
1/11/2004;Chemicals;2226;2510;-284;
1/12/2004;Chemicals;2184;2475;-291;
1/1/2005;Chemicals;2086;2354;-268;
1/2/2005;Chemicals;2190;2621;-431;
1/3/2005;Chemicals;2090;2535;-445;
1/4/2005;Chemicals;2233;2591;-358;
1/5/2005;Chemicals;2102;2562;-460;
1/6/2005;Chemicals;2267;2674;-407;
1/7/2005;Chemicals;2180;2581;-401;
1/8/2005;Chemicals;2352;2497;-145;
1/9/2005;Chemicals;2184;2477;-293;
1/10/2005;Chemicals;2279;2506;-227;
1/11/2005;Chemicals;2290;2596;-306;
1/12/2005;Chemicals;2300;2537;-237;
1/1/2006;Chemicals;2347;2751;-404;
1/2/2006;Chemicals;2233;2494;-261;
1/3/2006;Chemicals;2364;2524;-160;
1/4/2006;Chemicals;2349;2547;-198;
1/5/2006;Chemicals;2396;2552;-156;
1/6/2006;Chemicals;2248;2497;-249;
1/7/2006;Chemicals;2302;2520;-218;
1/8/2006;Chemicals;2410;2613;-203;
1/9/2006;Chemicals;2364;2555;-191;
1/10/2006;Chemicals;2415;2633;-218;
1/11/2006;Chemicals;2357;2642;-285;
1/12/2006;Chemicals;2526;2630;-104;
1/1/2007;Chemicals;2353;2662;-309;
1/2/2007;Chemicals;2328;2697;-369;
1/3/2007;Chemicals;2443;2784;-341;
1/4/2007;Chemicals;2352;2734;-382;
1/5/2007;Chemicals;2505;2792;-287;
1/6/2007;Chemicals;2362;2660;-298;
1/7/2007;Chemicals;2374;2921;-547;
1/8/2007;Chemicals;2523;2856;-333;
1/9/2007;Chemicals;2332;2848;-516;
1/10/2007;Chemicals;2349;2791;-442;
1/11/2007;Chemicals;2329;2681;-352;
1/12/2007;Chemicals;2407;2820;-413;
1/1/2008;Chemicals;2421;2676;-255;
1/2/2008;Chemicals;2298;2766;-468;
1/3/2008;Chemicals;2390;2782;-392;
1/4/2008;Chemicals;2352;2777;-425;
1/5/2008;Chemicals;2235;2777;-542;
1/6/2008;Chemicals;2603;2878;-275;
1/7/2008;Chemicals;2701;2794;-93;
1/8/2008;Chemicals;2554;2692;-138;
1/9/2008;Chemicals;2421;2849;-428;
1/10/2008;Chemicals;2377;2706;-329;
1/11/2008;Chemicals;2373;2557;-184;
1/12/2008;Chemicals;2171;2783;-612;
1/1/2009;Chemicals;2501;2743;-242;
1/2/2009;Chemicals;2373;2820;-447;
1/3/2009;Chemicals;2142;2695;-553;
1/4/2009;Chemicals;2381;2990;-609;
1/5/2009;Chemicals;2225;2776;-551;
1/6/2009;Chemicals;2415;2851;-436;
1/7/2009;Chemicals;2365;2634;-269;
1/8/2009;Chemicals;2318;2713;-395;
1/9/2009;Chemicals;2518;2951;-433;
1/10/2009;Chemicals;2402;3029;-627;
1/11/2009;Chemicals;2322;2901;-579;
1/12/2009;Chemicals;2349;2766;-417;
1/1/2010;Chemicals;2362;2889;-527;
1/2/2010;Chemicals;2511;2712;-201;
1/3/2010;Chemicals;2483;2944;-461;
1/4/2010;Chemicals;2416;2935;-519;
1/5/2010;Chemicals;2450;2925;-475;
1/6/2010;Chemicals;2459;2836;-377;
1/7/2010;Chemicals;2279;2986;-707;
1/8/2010;Chemicals;2384;3035;-651;
1/9/2010;Chemicals;2405;2728;-323;
1/10/2010;Chemicals;2308;3118;-810;
1/11/2010;Chemicals;2497;2835;-338;
1/12/2010;Chemicals;2362;2942;-580;
1/1/2011;Chemicals;2565;3097;-532;
1/2/2011;Chemicals;2407;2942;-535;
1/3/2011;Chemicals;2399;2900;-501;
1/4/2011;Chemicals;2506;2724;-218;
1/5/2011;Chemicals;2498;2918;-420;
1/6/2011;Chemicals;2304;2732;-428;
1/7/2011;Chemicals;2629;3186;-557;
1/8/2011;Chemicals;2520;2906;-386;
1/9/2011;Chemicals;2358;2972;-614;
1/10/2011;Chemicals;2567;2879;-312;
1/11/2011;Chemicals;2496;3172;-676;
1/12/2011;Chemicals;2504;2912;-408;
1/1/2012;Chemicals;2395;3142;-747;
1/2/2012;Chemicals;2459;2958;-499;
1/3/2012;Chemicals;2747;3064;-317;
1/4/2012;Chemicals;2300;3207;-907;
1/5/2012;Chemicals;2489;3004;-515;
1/6/2012;Chemicals;2281;3126;-845;
1/7/2012;Chemicals;2538;2907;-369;
1/8/2012;Chemicals;2275;3390;-1115;
1/9/2012;Chemicals;2493;3203;-710;
1/10/2012;Chemicals;2581;2965;-384;
1/11/2012;Chemicals;2909;3163;-254;
1/12/2012;Chemicals;2373;2855;-482;
1/1/2013;Chemicals;2283;2981;-698;
1/2/2013;Chemicals;2259;2961;-702;
1/3/2013;Chemicals;2355;3072;-717;
1/4/2013;Chemicals;2207;2982;-775;
1/5/2013;Chemicals;2509;2999;-490;
1/6/2013;Chemicals;2538;3210;-672;
1/7/2013;Chemicals;2346;3093;-747;
1/8/2013;Chemicals;2434;3107;-673;
1/9/2013;Chemicals;2418;3178;-760;
1/10/2013;Chemicals;2411;3127;-716;
1/11/2013;Chemicals;2433;3160;-727;
1/12/2013;Chemicals;2509;3280;-771;
1/1/2014;Chemicals;2416;3085;-669;
1/2/2014;Chemicals;2443;3242;-799;
1/3/2014;Chemicals;2512;3392;-880;
1/4/2014;Chemicals;2392;3568;-1176;
1/5/2014;Chemicals;2398;3379;-981;
1/6/2014;Chemicals;2362;3271;-909;
1/7/2014;Chemicals;2478;3571;-1093;
1/8/2014;Chemicals;2511;3306;-795;
1/9/2014;Chemicals;2329;3216;-887;
1/10/2014;Chemicals;2400;3396;-996;
1/11/2014;Chemicals;2440;3361;-921;
1/12/2014;Chemicals;2512;3536;-1024;
1/1/2015;Chemicals;2341;3380;-1039;
1/2/2015;Chemicals;2485;3440;-955;
1/3/2015;Chemicals;2377;3404;-1027;
1/4/2015;Chemicals;2357;3225;-868;
1/5/2015;Chemicals;2301;3525;-1224;
1/6/2015;Chemicals;2397;3441;-1044;
1/7/2015;Chemicals;2424;3327;-903;
1/8/2015;Chemicals;2564;3272;-708;
1/9/2015;Chemicals;2474;3339;-865;
1/10/2015;Chemicals;2439;3566;-1127;
1/11/2015;Chemicals;2493;3426;-933;
1/12/2015;Chemicals;2322;3392;-1070;
1/1/2016;Chemicals;2366;3679;-1313;
1/2/2016;Chemicals;2671;3533;-862;
1/3/2016;Chemicals;2413;3182;-769;
1/4/2016;Chemicals;2498;3480;-982;
1/5/2016;Chemicals;2411;3384;-973;
1/6/2016;Chemicals;2446;3567;-1121;
1/7/2016;Chemicals;2432;3689;-1257;
1/8/2016;Chemicals;2495;3635;-1140;
1/9/2016;Chemicals;2503;3576;-1073;
1/10/2016;Chemicals;2396;3371;-975;
1/11/2016;Chemicals;2458;3788;-1330;
1/12/2016;Chemicals;2604;3645;-1041;
1/1/2017;Chemicals;2624;3773;-1149;
1/2/2017;Chemicals;2516;3553;-1037;
1/3/2017;Chemicals;2762;4025;-1263;
1/4/2017;Chemicals;2722;3958;-1236;
1/5/2017;Chemicals;2645;4027;-1382;
1/6/2017;Chemicals;2718;3674;-956;
1/7/2017;Chemicals;2540;3626;-1086;
1/8/2017;Chemicals;2540;3869;-1329;
1/9/2017;Chemicals;2624;3962;-1338;
1/10/2017;Chemicals;2609;3892;-1283;
1/11/2017;Chemicals;2607;3560;-953;
1/12/2017;Chemicals;2606;3859;-1253;
1/1/2018;Chemicals;2751;3734;-983;
1/2/2018;Chemicals;2578;3611;-1033;
1/3/2018;Chemicals;2514;3385;-871;
1/4/2018;Chemicals;2465;3515;-1050;
1/5/2018;Chemicals;2460;3583;-1123;
1/6/2018;Chemicals;2410;3748;-1338;
1/7/2018;Chemicals;2493;3608;-1115;
1/8/2018;Chemicals;2444;3774;-1330;
1/9/2018;Chemicals;2346;3578;-1232;
1/10/2018;Chemicals;2525;3699;-1174;
1/11/2018;Chemicals;2289;3755;-1466;
1/12/2018;Chemicals;2458;3617;-1159;
1/1/2019;Chemicals;2436;4063;-1627;
1/2/2019;Chemicals;2487;4351;-1864;
1/3/2019;Chemicals;3017;5207;-2190;
1/4/2019;Chemicals;1952;3066;-1114;
1/5/2019;Chemicals;2058;3257;-1199;
1/6/2019;Chemicals;2114;3363;-1249;
1/7/2019;Chemicals;2366;3609;-1243;
1/8/2019;Chemicals;2179;3411;-1232;
1/9/2019;Chemicals;2185;3491;-1306;
1/10/2019;Chemicals;2402;4050;-1648;
1/11/2019;Chemicals;2019;3209;-1190;
1/12/2019;Chemicals;2486;3267;-781;
1/1/2020;Chemicals;2081;3268;-1187;
1/2/2020;Chemicals;2224;3010;-786;
1/3/2020;Chemicals;2184;3419;-1235;
1/4/2020;Chemicals;2558;3221;-663;
1/5/2020;Chemicals;2585;3158;-573;
1/6/2020;Chemicals;2134;2968;-834;
1/7/2020;Chemicals;2100;3128;-1028;
1/8/2020;Chemicals;2225;3160;-935;
1/9/2020;Chemicals;2225;3088;-863;
1/10/2020;Chemicals;2542;3544;-1002;
1/11/2020;Chemicals;2625;4377;-1752;
1/12/2020;Chemicals;2761;4227;-1466;
1/1/2021;Chemicals;1125;2774;-1649;
1/1/1997;Material manufactures;1890;1861;29;
1/2/1997;Material manufactures;1894;1831;63;
1/3/1997;Material manufactures;1892;1820;72;
1/4/1997;Material manufactures;2023;1820;203;
1/5/1997;Material manufactures;1896;1786;110;
1/6/1997;Material manufactures;1808;1872;-64;
1/7/1997;Material manufactures;1836;1776;60;
1/8/1997;Material manufactures;1802;1770;32;
1/9/1997;Material manufactures;1740;1834;-94;
1/10/1997;Material manufactures;2022;1851;171;
1/11/1997;Material manufactures;1839;1927;-88;
1/12/1997;Material manufactures;1826;1843;-17;
1/1/1998;Material manufactures;1866;1856;10;
1/2/1998;Material manufactures;1847;1959;-112;
1/3/1998;Material manufactures;1806;1938;-132;
1/4/1998;Material manufactures;1836;1925;-89;
1/5/1998;Material manufactures;1669;1940;-271;
1/6/1998;Material manufactures;1809;1959;-150;
1/7/1998;Material manufactures;1831;1920;-89;
1/8/1998;Material manufactures;1838;1936;-98;
1/9/1998;Material manufactures;1848;1893;-45;
1/10/1998;Material manufactures;1791;1895;-104;
1/11/1998;Material manufactures;1759;1901;-142;
1/12/1998;Material manufactures;1712;1854;-142;
1/1/1999;Material manufactures;1713;1801;-88;
1/2/1999;Material manufactures;1717;1802;-85;
1/3/1999;Material manufactures;1800;1845;-45;
1/4/1999;Material manufactures;1576;1838;-262;
1/5/1999;Material manufactures;1775;1842;-67;
1/6/1999;Material manufactures;1763;1916;-153;
1/7/1999;Material manufactures;1839;1891;-52;
1/8/1999;Material manufactures;1826;1898;-72;
1/9/1999;Material manufactures;1894;1906;-12;
1/10/1999;Material manufactures;1736;1893;-157;
1/11/1999;Material manufactures;1869;1827;42;
1/12/1999;Material manufactures;1897;1924;-27;
1/1/2000;Material manufactures;1935;1920;15;
1/2/2000;Material manufactures;1862;1865;-3;
1/3/2000;Material manufactures;1965;1817;148;
1/4/2000;Material manufactures;1756;1805;-49;
1/5/2000;Material manufactures;1948;1791;157;
1/6/2000;Material manufactures;1895;1774;121;
1/7/2000;Material manufactures;1867;1804;63;
1/8/2000;Material manufactures;1930;1840;90;
1/9/2000;Material manufactures;1848;1742;106;
1/10/2000;Material manufactures;1845;1830;15;
1/11/2000;Material manufactures;1893;1876;17;
1/12/2000;Material manufactures;1915;1877;38;
1/1/2001;Material manufactures;1985;1925;60;
1/2/2001;Material manufactures;1997;1951;46;
1/3/2001;Material manufactures;1949;1944;5;
1/4/2001;Material manufactures;1894;1968;-74;
1/5/2001;Material manufactures;1888;1951;-63;
1/6/2001;Material manufactures;1912;1904;8;
1/7/2001;Material manufactures;1812;1957;-145;
1/8/2001;Material manufactures;1751;1939;-188;
1/9/2001;Material manufactures;1832;2024;-192;
1/10/2001;Material manufactures;1779;1984;-205;
1/11/2001;Material manufactures;1756;1957;-201;
1/12/2001;Material manufactures;1715;1883;-168;
1/1/2002;Material manufactures;1717;1945;-228;
1/2/2002;Material manufactures;1873;1968;-95;
1/3/2002;Material manufactures;1883;2152;-269;
1/4/2002;Material manufactures;1875;1979;-104;
1/5/2002;Material manufactures;1901;2051;-150;
1/6/2002;Material manufactures;1838;2050;-212;
1/7/2002;Material manufactures;1863;2063;-200;
1/8/2002;Material manufactures;1871;2082;-211;
1/9/2002;Material manufactures;1847;2100;-253;
1/10/2002;Material manufactures;1820;2140;-320;
1/11/2002;Material manufactures;1790;2129;-339;
1/12/2002;Material manufactures;1855;2122;-267;
1/1/2003;Material manufactures;1760;2150;-390;
1/2/2003;Material manufactures;1770;2144;-374;
1/3/2003;Material manufactures;1733;2163;-430;
1/4/2003;Material manufactures;1845;2184;-339;
1/5/2003;Material manufactures;1727;2151;-424;
1/6/2003;Material manufactures;1776;2179;-403;
1/7/2003;Material manufactures;1766;2208;-442;
1/8/2003;Material manufactures;1780;2164;-384;
1/9/2003;Material manufactures;1746;2135;-389;
1/10/2003;Material manufactures;1882;2167;-285;
1/11/2003;Material manufactures;1898;2248;-350;
1/12/2003;Material manufactures;1903;2181;-278;
1/1/2004;Material manufactures;1894;2234;-340;
1/2/2004;Material manufactures;1907;2226;-319;
1/3/2004;Material manufactures;1895;2196;-301;
1/4/2004;Material manufactures;1921;2219;-298;
1/5/2004;Material manufactures;1765;2188;-423;
1/6/2004;Material manufactures;1911;2215;-304;
1/7/2004;Material manufactures;1918;2217;-299;
1/8/2004;Material manufactures;1866;2232;-366;
1/9/2004;Material manufactures;1894;2194;-300;
1/10/2004;Material manufactures;1902;2228;-326;
1/11/2004;Material manufactures;1794;2148;-354;
1/12/2004;Material manufactures;1843;2234;-391;
1/1/2005;Material manufactures;1869;2206;-337;
1/2/2005;Material manufactures;1808;2274;-466;
1/3/2005;Material manufactures;1849;2250;-401;
1/4/2005;Material manufactures;1677;2285;-608;
1/5/2005;Material manufactures;1753;2150;-397;
1/6/2005;Material manufactures;1813;2085;-272;
1/7/2005;Material manufactures;1797;2009;-212;
1/8/2005;Material manufactures;1911;2100;-189;
1/9/2005;Material manufactures;1940;2110;-170;
1/10/2005;Material manufactures;1728;2088;-360;
1/11/2005;Material manufactures;1870;2062;-192;
1/12/2005;Material manufactures;1927;2186;-259;
1/1/2006;Material manufactures;1913;2179;-266;
1/2/2006;Material manufactures;1899;2208;-309;
1/3/2006;Material manufactures;1834;2184;-350;
1/4/2006;Material manufactures;2100;2133;-33;
1/5/2006;Material manufactures;2018;2316;-298;
1/6/2006;Material manufactures;1963;2238;-275;
1/7/2006;Material manufactures;1983;2286;-303;
1/8/2006;Material manufactures;2162;2295;-133;
1/9/2006;Material manufactures;1930;2272;-342;
1/10/2006;Material manufactures;2043;2249;-206;
1/11/2006;Material manufactures;2041;2347;-306;
1/12/2006;Material manufactures;2149;2335;-186;
1/1/2007;Material manufactures;2016;2309;-293;
1/2/2007;Material manufactures;2035;2318;-283;
1/3/2007;Material manufactures;2047;2393;-346;
1/4/2007;Material manufactures;1949;2305;-356;
1/5/2007;Material manufactures;2032;2292;-260;
1/6/2007;Material manufactures;1956;2385;-429;
1/7/2007;Material manufactures;2042;2395;-353;
1/8/2007;Material manufactures;2028;2365;-337;
1/9/2007;Material manufactures;1951;2315;-364;
1/10/2007;Material manufactures;1964;2333;-369;
1/11/2007;Material manufactures;1996;2374;-378;
1/12/2007;Material manufactures;2013;2310;-297;
1/1/2008;Material manufactures;1893;2385;-492;
1/2/2008;Material manufactures;1897;2412;-515;
1/3/2008;Material manufactures;1929;2349;-420;
1/4/2008;Material manufactures;1902;2471;-569;
1/5/2008;Material manufactures;1803;2374;-571;
1/6/2008;Material manufactures;1895;2317;-422;
1/7/2008;Material manufactures;1718;2247;-529;
1/8/2008;Material manufactures;1748;2225;-477;
1/9/2008;Material manufactures;1705;2270;-565;
1/10/2008;Material manufactures;1639;2178;-539;
1/11/2008;Material manufactures;1520;2017;-497;
1/12/2008;Material manufactures;1272;1874;-602;
1/1/2009;Material manufactures;1278;1814;-536;
1/2/2009;Material manufactures;1285;1838;-553;
1/3/2009;Material manufactures;1214;1772;-558;
1/4/2009;Material manufactures;1269;1834;-565;
1/5/2009;Material manufactures;1274;1874;-600;
1/6/2009;Material manufactures;1424;1834;-410;
1/7/2009;Material manufactures;1277;1934;-657;
1/8/2009;Material manufactures;1327;1899;-572;
1/9/2009;Material manufactures;1360;1992;-632;
1/10/2009;Material manufactures;1397;2009;-612;
1/11/2009;Material manufactures;1413;1990;-577;
1/12/2009;Material manufactures;1355;2020;-665;
1/1/2010;Material manufactures;1425;1993;-568;
1/2/2010;Material manufactures;1481;2006;-525;
1/3/2010;Material manufactures;1444;1992;-548;
1/4/2010;Material manufactures;1559;2044;-485;
1/5/2010;Material manufactures;1450;2066;-616;
1/6/2010;Material manufactures;1509;2123;-614;
1/7/2010;Material manufactures;1515;2063;-548;
1/8/2010;Material manufactures;1537;2118;-581;
1/9/2010;Material manufactures;1460;2087;-627;
1/10/2010;Material manufactures;1526;2083;-557;
1/11/2010;Material manufactures;1623;2131;-508;
1/12/2010;Material manufactures;1678;2168;-490;
1/1/2011;Material manufactures;1741;2224;-483;
1/2/2011;Material manufactures;1708;2108;-400;
1/3/2011;Material manufactures;1682;2240;-558;
1/4/2011;Material manufactures;1549;2066;-517;
1/5/2011;Material manufactures;1722;2217;-495;
1/6/2011;Material manufactures;1594;2136;-542;
1/7/2011;Material manufactures;1707;2165;-458;
1/8/2011;Material manufactures;1634;2198;-564;
1/9/2011;Material manufactures;1600;2271;-671;
1/10/2011;Material manufactures;1479;2145;-666;
1/11/2011;Material manufactures;1539;2164;-625;
1/12/2011;Material manufactures;1627;2170;-543;
1/1/2012;Material manufactures;1558;2134;-576;
1/2/2012;Material manufactures;1506;2196;-690;
1/3/2012;Material manufactures;1624;2279;-655;
1/4/2012;Material manufactures;1436;2209;-773;
1/5/2012;Material manufactures;1536;2252;-716;
1/6/2012;Material manufactures;1406;2200;-794;
1/7/2012;Material manufactures;1467;2225;-758;
1/8/2012;Material manufactures;1476;2335;-859;
1/9/2012;Material manufactures;1457;2270;-813;
1/10/2012;Material manufactures;1553;2216;-663;
1/11/2012;Material manufactures;1461;2108;-647;
1/12/2012;Material manufactures;1463;2161;-698;
1/1/2013;Material manufactures;1428;2163;-735;
1/2/2013;Material manufactures;1502;2110;-608;
1/3/2013;Material manufactures;1531;2132;-601;
1/4/2013;Material manufactures;1499;2073;-574;
1/5/2013;Material manufactures;1474;2099;-625;
1/6/2013;Material manufactures;1559;2199;-640;
1/7/2013;Material manufactures;1505;2171;-666;
1/8/2013;Material manufactures;1524;2174;-650;
1/9/2013;Material manufactures;1515;2227;-712;
1/10/2013;Material manufactures;1460;2222;-762;
1/11/2013;Material manufactures;1513;2265;-752;
1/12/2013;Material manufactures;1436;2204;-768;
1/1/2014;Material manufactures;1450;2280;-830;
1/2/2014;Material manufactures;1453;2302;-849;
1/3/2014;Material manufactures;1439;2285;-846;
1/4/2014;Material manufactures;1421;2338;-917;
1/5/2014;Material manufactures;1429;2355;-926;
1/6/2014;Material manufactures;1425;2334;-909;
1/7/2014;Material manufactures;1416;2384;-968;
1/8/2014;Material manufactures;1438;2357;-919;
1/9/2014;Material manufactures;1470;2357;-887;
1/10/2014;Material manufactures;1389;2355;-966;
1/11/2014;Material manufactures;1363;2398;-1035;
1/12/2014;Material manufactures;1400;2348;-948;
1/1/2015;Material manufactures;1432;2396;-964;
1/2/2015;Material manufactures;1358;2452;-1094;
1/3/2015;Material manufactures;1407;2414;-1007;
1/4/2015;Material manufactures;1390;2372;-982;
1/5/2015;Material manufactures;1383;2340;-957;
1/6/2015;Material manufactures;1365;2399;-1034;
1/7/2015;Material manufactures;1382;2372;-990;
1/8/2015;Material manufactures;1352;2397;-1045;
1/9/2015;Material manufactures;1308;2354;-1046;
1/10/2015;Material manufactures;1415;2387;-972;
1/11/2015;Material manufactures;1313;2439;-1126;
1/12/2015;Material manufactures;1275;2390;-1115;
1/1/2016;Material manufactures;1302;2393;-1091;
1/2/2016;Material manufactures;1271;2366;-1095;
1/3/2016;Material manufactures;1266;2366;-1100;
1/4/2016;Material manufactures;1322;2441;-1119;
1/5/2016;Material manufactures;1301;2360;-1059;
1/6/2016;Material manufactures;1347;2332;-985;
1/7/2016;Material manufactures;1320;2358;-1038;
1/8/2016;Material manufactures;1336;2455;-1119;
1/9/2016;Material manufactures;1331;2470;-1139;
1/10/2016;Material manufactures;1359;2391;-1032;
1/11/2016;Material manufactures;1337;2503;-1166;
1/12/2016;Material manufactures;1482;2488;-1006;
1/1/2017;Material manufactures;1419;2468;-1049;
1/2/2017;Material manufactures;1502;2503;-1001;
1/3/2017;Material manufactures;1483;2389;-906;
1/4/2017;Material manufactures;1482;2432;-950;
1/5/2017;Material manufactures;1489;2506;-1017;
1/6/2017;Material manufactures;1426;2525;-1099;
1/7/2017;Material manufactures;1482;2543;-1061;
1/8/2017;Material manufactures;1431;2600;-1169;
1/9/2017;Material manufactures;1529;2572;-1043;
1/10/2017;Material manufactures;1478;2461;-983;
1/11/2017;Material manufactures;1513;2392;-879;
1/12/2017;Material manufactures;1601;2547;-946;
1/1/2018;Material manufactures;1478;2468;-990;
1/2/2018;Material manufactures;1480;2443;-963;
1/3/2018;Material manufactures;1527;2629;-1102;
1/4/2018;Material manufactures;1504;2609;-1105;
1/5/2018;Material manufactures;1451;2709;-1258;
1/6/2018;Material manufactures;1561;2640;-1079;
1/7/2018;Material manufactures;1521;2628;-1107;
1/8/2018;Material manufactures;1504;2674;-1170;
1/9/2018;Material manufactures;1545;2526;-981;
1/10/2018;Material manufactures;1519;2709;-1190;
1/11/2018;Material manufactures;1545;2635;-1090;
1/12/2018;Material manufactures;1587;2780;-1193;
1/1/2019;Material manufactures;1420;2534;-1114;
1/2/2019;Material manufactures;1451;2575;-1124;
1/3/2019;Material manufactures;1520;2892;-1372;
1/4/2019;Material manufactures;1327;2727;-1400;
1/5/2019;Material manufactures;1326;2725;-1399;
1/6/2019;Material manufactures;1295;2848;-1553;
1/7/2019;Material manufactures;1406;2526;-1120;
1/8/2019;Material manufactures;1451;2608;-1157;
1/9/2019;Material manufactures;1413;2633;-1220;
1/10/2019;Material manufactures;1419;2529;-1110;
1/11/2019;Material manufactures;1231;2441;-1210;
1/12/2019;Material manufactures;1328;2302;-974;
1/1/2020;Material manufactures;1381;2258;-877;
1/2/2020;Material manufactures;1324;2228;-904;
1/3/2020;Material manufactures;1210;2133;-923;
1/4/2020;Material manufactures;1026;1620;-594;
1/5/2020;Material manufactures;1096;1612;-516;
1/6/2020;Material manufactures;1152;2039;-887;
1/7/2020;Material manufactures;1195;2096;-901;
1/8/2020;Material manufactures;1396;2082;-686;
1/9/2020;Material manufactures;1208;2151;-943;
1/10/2020;Material manufactures;1413;2249;-836;
1/11/2020;Material manufactures;1484;2379;-895;
1/12/2020;Material manufactures;1576;2502;-926;
1/1/2021;Material manufactures;916;1811;-895;
1/1/1997;Machinery & transport equipment;3481;3479;2;
1/2/1997;Machinery & transport equipment;3592;3450;142;
1/3/1997;Machinery & transport equipment;3592;3655;-63;
1/4/1997;Machinery & transport equipment;3616;3642;-26;
1/5/1997;Machinery & transport equipment;3463;3609;-146;
1/6/1997;Machinery & transport equipment;3612;4019;-407;
1/7/1997;Machinery & transport equipment;3579;3886;-307;
1/8/1997;Machinery & transport equipment;3414;3728;-314;
1/9/1997;Machinery & transport equipment;3597;3409;188;
1/10/1997;Machinery & transport equipment;3608;3708;-100;
1/11/1997;Machinery & transport equipment;3591;3913;-322;
1/12/1997;Machinery & transport equipment;3869;3789;80;
1/1/1998;Machinery & transport equipment;3800;3682;118;
1/2/1998;Machinery & transport equipment;4014;3725;289;
1/3/1998;Machinery & transport equipment;4083;3792;291;
1/4/1998;Machinery & transport equipment;3995;3853;142;
1/5/1998;Machinery & transport equipment;4076;4110;-34;
1/6/1998;Machinery & transport equipment;4079;4298;-219;
1/7/1998;Machinery & transport equipment;4016;4049;-33;
1/8/1998;Machinery & transport equipment;4102;4035;67;
1/9/1998;Machinery & transport equipment;4091;4110;-19;
1/10/1998;Machinery & transport equipment;4073;4050;23;
1/11/1998;Machinery & transport equipment;4192;4216;-24;
1/12/1998;Machinery & transport equipment;4192;4208;-16;
1/1/1999;Machinery & transport equipment;4253;4387;-134;
1/2/1999;Machinery & transport equipment;4118;4288;-170;
1/3/1999;Machinery & transport equipment;3996;4329;-333;
1/4/1999;Machinery & transport equipment;4166;4231;-65;
1/5/1999;Machinery & transport equipment;4378;4157;221;
1/6/1999;Machinery & transport equipment;4171;4293;-122;
1/7/1999;Machinery & transport equipment;4405;4394;11;
1/8/1999;Machinery & transport equipment;4508;4807;-299;
1/9/1999;Machinery & transport equipment;4475;4504;-29;
1/10/1999;Machinery & transport equipment;4765;4778;-13;
1/11/1999;Machinery & transport equipment;4651;4786;-135;
1/12/1999;Machinery & transport equipment;4649;4633;16;
1/1/2000;Machinery & transport equipment;4609;4564;45;
1/2/2000;Machinery & transport equipment;4606;4736;-130;
1/3/2000;Machinery & transport equipment;4723;4673;50;
1/4/2000;Machinery & transport equipment;4848;4993;-145;
1/5/2000;Machinery & transport equipment;4635;4933;-298;
1/6/2000;Machinery & transport equipment;4885;4867;18;
1/7/2000;Machinery & transport equipment;4811;5012;-201;
1/8/2000;Machinery & transport equipment;5101;5171;-70;
1/9/2000;Machinery & transport equipment;5040;5221;-181;
1/10/2000;Machinery & transport equipment;4993;5001;-8;
1/11/2000;Machinery & transport equipment;5131;5129;2;
1/12/2000;Machinery & transport equipment;5169;5344;-175;
1/1/2001;Machinery & transport equipment;5295;5353;-58;
1/2/2001;Machinery & transport equipment;5278;5958;-680;
1/3/2001;Machinery & transport equipment;5271;5647;-376;
1/4/2001;Machinery & transport equipment;5065;5571;-506;
1/5/2001;Machinery & transport equipment;4971;5602;-631;
1/6/2001;Machinery & transport equipment;5326;5714;-388;
1/7/2001;Machinery & transport equipment;4847;5517;-670;
1/8/2001;Machinery & transport equipment;4871;5818;-947;
1/9/2001;Machinery & transport equipment;4855;6076;-1221;
1/10/2001;Machinery & transport equipment;5017;5919;-902;
1/11/2001;Machinery & transport equipment;4542;5667;-1125;
1/12/2001;Machinery & transport equipment;4691;5769;-1078;
1/1/2002;Machinery & transport equipment;5080;6246;-1166;
1/2/2002;Machinery & transport equipment;5228;6492;-1264;
1/3/2002;Machinery & transport equipment;5360;6648;-1288;
1/4/2002;Machinery & transport equipment;5464;6711;-1247;
1/5/2002;Machinery & transport equipment;5838;6992;-1154;
1/6/2002;Machinery & transport equipment;5222;6318;-1096;
1/7/2002;Machinery & transport equipment;5665;7042;-1377;
1/8/2002;Machinery & transport equipment;4467;6227;-1760;
1/9/2002;Machinery & transport equipment;5040;6448;-1408;
1/10/2002;Machinery & transport equipment;4919;6195;-1276;
1/11/2002;Machinery & transport equipment;5046;6721;-1675;
1/12/2002;Machinery & transport equipment;4481;5822;-1341;
1/1/2003;Machinery & transport equipment;5168;6460;-1292;
1/2/2003;Machinery & transport equipment;4908;6309;-1401;
1/3/2003;Machinery & transport equipment;4956;6339;-1383;
1/4/2003;Machinery & transport equipment;4509;5859;-1350;
1/5/2003;Machinery & transport equipment;4113;5448;-1335;
1/6/2003;Machinery & transport equipment;4115;5568;-1453;
1/7/2003;Machinery & transport equipment;4343;5516;-1173;
1/8/2003;Machinery & transport equipment;4148;5592;-1444;
1/9/2003;Machinery & transport equipment;4177;5633;-1456;
1/10/2003;Machinery & transport equipment;4332;5755;-1423;
1/11/2003;Machinery & transport equipment;4346;5937;-1591;
1/12/2003;Machinery & transport equipment;4243;5892;-1649;
1/1/2004;Machinery & transport equipment;4164;5822;-1658;
1/2/2004;Machinery & transport equipment;4316;5798;-1482;
1/3/2004;Machinery & transport equipment;4263;5821;-1558;
1/4/2004;Machinery & transport equipment;4335;6153;-1818;
1/5/2004;Machinery & transport equipment;4359;6091;-1732;
1/6/2004;Machinery & transport equipment;4091;5946;-1855;
1/7/2004;Machinery & transport equipment;4299;6007;-1708;
1/8/2004;Machinery & transport equipment;4267;6193;-1926;
1/9/2004;Machinery & transport equipment;4267;5915;-1648;
1/10/2004;Machinery & transport equipment;4301;6619;-2318;
1/11/2004;Machinery & transport equipment;4242;6446;-2204;
1/12/2004;Machinery & transport equipment;4459;6518;-2059;
1/1/2005;Machinery & transport equipment;4370;6776;-2406;
1/2/2005;Machinery & transport equipment;4400;6432;-2032;
1/3/2005;Machinery & transport equipment;4321;6628;-2307;
1/4/2005;Machinery & transport equipment;4562;7174;-2612;
1/5/2005;Machinery & transport equipment;4389;6941;-2552;
1/6/2005;Machinery & transport equipment;4812;7290;-2478;
1/7/2005;Machinery & transport equipment;4842;7557;-2715;
1/8/2005;Machinery & transport equipment;5127;8131;-3004;
1/9/2005;Machinery & transport equipment;5135;7973;-2838;
1/10/2005;Machinery & transport equipment;5374;8268;-2894;
1/11/2005;Machinery & transport equipment;5330;8155;-2825;
1/12/2005;Machinery & transport equipment;5764;8614;-2850;
1/1/2006;Machinery & transport equipment;7288;10025;-2737;
1/2/2006;Machinery & transport equipment;9179;11699;-2520;
1/3/2006;Machinery & transport equipment;10711;12259;-1548;
1/4/2006;Machinery & transport equipment;11124;13332;-2208;
1/5/2006;Machinery & transport equipment;11064;13159;-2095;
1/6/2006;Machinery & transport equipment;9209;11054;-1845;
1/7/2006;Machinery & transport equipment;5738;8049;-2311;
1/8/2006;Machinery & transport equipment;5538;7914;-2376;
1/9/2006;Machinery & transport equipment;5043;7081;-2038;
1/10/2006;Machinery & transport equipment;4681;6914;-2233;
1/11/2006;Machinery & transport equipment;4675;6715;-2040;
1/12/2006;Machinery & transport equipment;4950;7250;-2300;
1/1/2007;Machinery & transport equipment;4813;7077;-2264;
1/2/2007;Machinery & transport equipment;4727;7383;-2656;
1/3/2007;Machinery & transport equipment;4833;7593;-2760;
1/4/2007;Machinery & transport equipment;4442;7053;-2611;
1/5/2007;Machinery & transport equipment;4634;7226;-2592;
1/6/2007;Machinery & transport equipment;4694;7529;-2835;
1/7/2007;Machinery & transport equipment;4780;7370;-2590;
1/8/2007;Machinery & transport equipment;4948;7365;-2417;
1/9/2007;Machinery & transport equipment;4765;7293;-2528;
1/10/2007;Machinery & transport equipment;4846;7139;-2293;
1/11/2007;Machinery & transport equipment;4975;7320;-2345;
1/12/2007;Machinery & transport equipment;4816;7312;-2496;
1/1/2008;Machinery & transport equipment;4842;7585;-2743;
1/2/2008;Machinery & transport equipment;4797;7344;-2547;
1/3/2008;Machinery & transport equipment;4797;7187;-2390;
1/4/2008;Machinery & transport equipment;4961;7402;-2441;
1/5/2008;Machinery & transport equipment;4692;7096;-2404;
1/6/2008;Machinery & transport equipment;4681;7146;-2465;
1/7/2008;Machinery & transport equipment;4468;6938;-2470;
1/8/2008;Machinery & transport equipment;4347;6744;-2397;
1/9/2008;Machinery & transport equipment;4363;6625;-2262;
1/10/2008;Machinery & transport equipment;3967;6125;-2158;
1/11/2008;Machinery & transport equipment;3846;5889;-2043;
1/12/2008;Machinery & transport equipment;3534;5134;-1600;
1/1/2009;Machinery & transport equipment;3728;4825;-1097;
1/2/2009;Machinery & transport equipment;3552;5034;-1482;
1/3/2009;Machinery & transport equipment;3374;4861;-1487;
1/4/2009;Machinery & transport equipment;3682;5004;-1322;
1/5/2009;Machinery & transport equipment;3360;4944;-1584;
1/6/2009;Machinery & transport equipment;3484;5425;-1941;
1/7/2009;Machinery & transport equipment;3812;5449;-1637;
1/8/2009;Machinery & transport equipment;3529;5632;-2103;
1/9/2009;Machinery & transport equipment;3672;6008;-2336;
1/10/2009;Machinery & transport equipment;3832;6090;-2258;
1/11/2009;Machinery & transport equipment;3813;6148;-2335;
1/12/2009;Machinery & transport equipment;3711;6321;-2610;
1/1/2010;Machinery & transport equipment;3713;6246;-2533;
1/2/2010;Machinery & transport equipment;3676;6069;-2393;
1/3/2010;Machinery & transport equipment;3778;6481;-2703;
1/4/2010;Machinery & transport equipment;3753;6794;-3041;
1/5/2010;Machinery & transport equipment;3884;6615;-2731;
1/6/2010;Machinery & transport equipment;4001;6565;-2564;
1/7/2010;Machinery & transport equipment;3751;6231;-2480;
1/8/2010;Machinery & transport equipment;3743;6642;-2899;
1/9/2010;Machinery & transport equipment;3787;6446;-2659;
1/10/2010;Machinery & transport equipment;4283;6848;-2565;
1/11/2010;Machinery & transport equipment;3939;6606;-2667;
1/12/2010;Machinery & transport equipment;4231;6628;-2397;
1/1/2011;Machinery & transport equipment;4181;6905;-2724;
1/2/2011;Machinery & transport equipment;4152;6872;-2720;
1/3/2011;Machinery & transport equipment;4071;6515;-2444;
1/4/2011;Machinery & transport equipment;4002;6568;-2566;
1/5/2011;Machinery & transport equipment;4145;6907;-2762;
1/6/2011;Machinery & transport equipment;3909;6237;-2328;
1/7/2011;Machinery & transport equipment;3948;6518;-2570;
1/8/2011;Machinery & transport equipment;4079;6609;-2530;
1/9/2011;Machinery & transport equipment;4113;6683;-2570;
1/10/2011;Machinery & transport equipment;4384;6647;-2263;
1/11/2011;Machinery & transport equipment;4053;6735;-2682;
1/12/2011;Machinery & transport equipment;4031;6999;-2968;
1/1/2012;Machinery & transport equipment;3915;7100;-3185;
1/2/2012;Machinery & transport equipment;3752;6819;-3067;
1/3/2012;Machinery & transport equipment;3771;6885;-3114;
1/4/2012;Machinery & transport equipment;3639;6999;-3360;
1/5/2012;Machinery & transport equipment;3893;6993;-3100;
1/6/2012;Machinery & transport equipment;3665;6474;-2809;
1/7/2012;Machinery & transport equipment;3800;6936;-3136;
1/8/2012;Machinery & transport equipment;3675;7071;-3396;
1/9/2012;Machinery & transport equipment;3774;6649;-2875;
1/10/2012;Machinery & transport equipment;3696;6814;-3118;
1/11/2012;Machinery & transport equipment;3770;6908;-3138;
1/12/2012;Machinery & transport equipment;3841;6929;-3088;
1/1/2013;Machinery & transport equipment;3709;6797;-3088;
1/2/2013;Machinery & transport equipment;3829;6791;-2962;
1/3/2013;Machinery & transport equipment;3765;7159;-3394;
1/4/2013;Machinery & transport equipment;3714;6977;-3263;
1/5/2013;Machinery & transport equipment;3812;7060;-3248;
1/6/2013;Machinery & transport equipment;3941;7472;-3531;
1/7/2013;Machinery & transport equipment;3970;7643;-3673;
1/8/2013;Machinery & transport equipment;4010;7482;-3472;
1/9/2013;Machinery & transport equipment;3913;8066;-4153;
1/10/2013;Machinery & transport equipment;3883;7520;-3637;
1/11/2013;Machinery & transport equipment;3902;7750;-3848;
1/12/2013;Machinery & transport equipment;3858;7370;-3512;
1/1/2014;Machinery & transport equipment;4005;7961;-3956;
1/2/2014;Machinery & transport equipment;4073;7811;-3738;
1/3/2014;Machinery & transport equipment;3988;7555;-3567;
1/4/2014;Machinery & transport equipment;4118;7812;-3694;
1/5/2014;Machinery & transport equipment;4067;8043;-3976;
1/6/2014;Machinery & transport equipment;3983;7858;-3875;
1/7/2014;Machinery & transport equipment;4121;8096;-3975;
1/8/2014;Machinery & transport equipment;3967;7555;-3588;
1/9/2014;Machinery & transport equipment;3921;7769;-3848;
1/10/2014;Machinery & transport equipment;4066;7812;-3746;
1/11/2014;Machinery & transport equipment;4031;7983;-3952;
1/12/2014;Machinery & transport equipment;4118;8171;-4053;
1/1/2015;Machinery & transport equipment;4074;8117;-4043;
1/2/2015;Machinery & transport equipment;4104;8333;-4229;
1/3/2015;Machinery & transport equipment;4226;8196;-3970;
1/4/2015;Machinery & transport equipment;4300;8265;-3965;
1/5/2015;Machinery & transport equipment;4213;8320;-4107;
1/6/2015;Machinery & transport equipment;4452;8223;-3771;
1/7/2015;Machinery & transport equipment;4183;8353;-4170;
1/8/2015;Machinery & transport equipment;4360;8331;-3971;
1/9/2015;Machinery & transport equipment;4389;8063;-3674;
1/10/2015;Machinery & transport equipment;4588;8691;-4103;
1/11/2015;Machinery & transport equipment;4381;8707;-4326;
1/12/2015;Machinery & transport equipment;4361;8151;-3790;
1/1/2016;Machinery & transport equipment;4378;8195;-3817;
1/2/2016;Machinery & transport equipment;4234;8633;-4399;
1/3/2016;Machinery & transport equipment;4464;8498;-4034;
1/4/2016;Machinery & transport equipment;4831;8661;-3830;
1/5/2016;Machinery & transport equipment;4584;8814;-4230;
1/6/2016;Machinery & transport equipment;4615;8881;-4266;
1/7/2016;Machinery & transport equipment;4470;8394;-3924;
1/8/2016;Machinery & transport equipment;4589;8771;-4182;
1/9/2016;Machinery & transport equipment;4633;9419;-4786;
1/10/2016;Machinery & transport equipment;4550;8592;-4042;
1/11/2016;Machinery & transport equipment;4627;9166;-4539;
1/12/2016;Machinery & transport equipment;4658;9255;-4597;
1/1/2017;Machinery & transport equipment;4768;8869;-4101;
1/2/2017;Machinery & transport equipment;4769;9334;-4565;
1/3/2017;Machinery & transport equipment;4853;9225;-4372;
1/4/2017;Machinery & transport equipment;4683;8632;-3949;
1/5/2017;Machinery & transport equipment;4667;8427;-3760;
1/6/2017;Machinery & transport equipment;4806;8628;-3822;
1/7/2017;Machinery & transport equipment;5007;8653;-3646;
1/8/2017;Machinery & transport equipment;5001;8967;-3966;
1/9/2017;Machinery & transport equipment;5054;8828;-3774;
1/10/2017;Machinery & transport equipment;4947;8750;-3803;
1/11/2017;Machinery & transport equipment;4940;8512;-3572;
1/12/2017;Machinery & transport equipment;5061;8505;-3444;
1/1/2018;Machinery & transport equipment;4997;9092;-4095;
1/2/2018;Machinery & transport equipment;5017;8418;-3401;
1/3/2018;Machinery & transport equipment;5152;8790;-3638;
1/4/2018;Machinery & transport equipment;4852;8771;-3919;
1/5/2018;Machinery & transport equipment;5056;8625;-3569;
1/6/2018;Machinery & transport equipment;4844;8645;-3801;
1/7/2018;Machinery & transport equipment;5077;8510;-3433;
1/8/2018;Machinery & transport equipment;5166;8092;-2926;
1/9/2018;Machinery & transport equipment;4836;8480;-3644;
1/10/2018;Machinery & transport equipment;5000;8782;-3782;
1/11/2018;Machinery & transport equipment;4985;8832;-3847;
1/12/2018;Machinery & transport equipment;4994;9508;-4514;
1/1/2019;Machinery & transport equipment;5018;9242;-4224;
1/2/2019;Machinery & transport equipment;5513;9354;-3841;
1/3/2019;Machinery & transport equipment;5459;9637;-4178;
1/4/2019;Machinery & transport equipment;4719;8572;-3853;
1/5/2019;Machinery & transport equipment;5058;8601;-3543;
1/6/2019;Machinery & transport equipment;4995;8362;-3367;
1/7/2019;Machinery & transport equipment;4888;8816;-3928;
1/8/2019;Machinery & transport equipment;4986;8785;-3799;
1/9/2019;Machinery & transport equipment;4937;9092;-4155;
1/10/2019;Machinery & transport equipment;4943;8842;-3899;
1/11/2019;Machinery & transport equipment;4668;8175;-3507;
1/12/2019;Machinery & transport equipment;4749;8160;-3411;
1/1/2020;Machinery & transport equipment;4749;7470;-2721;
1/2/2020;Machinery & transport equipment;4617;7732;-3115;
1/3/2020;Machinery & transport equipment;3438;6695;-3257;
1/4/2020;Machinery & transport equipment;2298;3889;-1591;
1/5/2020;Machinery & transport equipment;2551;4309;-1758;
1/6/2020;Machinery & transport equipment;3676;5925;-2249;
1/7/2020;Machinery & transport equipment;3765;6904;-3139;
1/8/2020;Machinery & transport equipment;3984;7041;-3057;
1/9/2020;Machinery & transport equipment;3999;7721;-3722;
1/10/2020;Machinery & transport equipment;4245;7535;-3290;
1/11/2020;Machinery & transport equipment;4377;8355;-3978;
1/12/2020;Machinery & transport equipment;4296;8638;-4342;
1/1/2021;Machinery & transport equipment;3091;6060;-2969;
1/1/1997;Miscellaneous manufactures;1320;1175;145;
1/2/1997;Miscellaneous manufactures;1300;1155;145;
1/3/1997;Miscellaneous manufactures;1308;1097;211;
1/4/1997;Miscellaneous manufactures;1375;1164;211;
1/5/1997;Miscellaneous manufactures;1271;1100;171;
1/6/1997;Miscellaneous manufactures;1299;1130;169;
1/7/1997;Miscellaneous manufactures;1294;1115;179;
1/8/1997;Miscellaneous manufactures;1236;1108;128;
1/9/1997;Miscellaneous manufactures;1337;1163;174;
1/10/1997;Miscellaneous manufactures;1312;1176;136;
1/11/1997;Miscellaneous manufactures;1322;1216;106;
1/12/1997;Miscellaneous manufactures;1311;1182;129;
1/1/1998;Miscellaneous manufactures;1251;1180;71;
1/2/1998;Miscellaneous manufactures;1286;1247;39;
1/3/1998;Miscellaneous manufactures;1270;1269;1;
1/4/1998;Miscellaneous manufactures;1232;1224;8;
1/5/1998;Miscellaneous manufactures;1305;1238;67;
1/6/1998;Miscellaneous manufactures;1234;1251;-17;
1/7/1998;Miscellaneous manufactures;1215;1303;-88;
1/8/1998;Miscellaneous manufactures;1248;1265;-17;
1/9/1998;Miscellaneous manufactures;1227;1286;-59;
1/10/1998;Miscellaneous manufactures;1258;1295;-37;
1/11/1998;Miscellaneous manufactures;1284;1245;39;
1/12/1998;Miscellaneous manufactures;1287;1282;5;
1/1/1999;Miscellaneous manufactures;1247;1245;2;
1/2/1999;Miscellaneous manufactures;1236;1243;-7;
1/3/1999;Miscellaneous manufactures;1230;1351;-121;
1/4/1999;Miscellaneous manufactures;1249;1254;-5;
1/5/1999;Miscellaneous manufactures;1248;1291;-43;
1/6/1999;Miscellaneous manufactures;1267;1293;-26;
1/7/1999;Miscellaneous manufactures;1307;1232;75;
1/8/1999;Miscellaneous manufactures;1296;1252;44;
1/9/1999;Miscellaneous manufactures;1278;1255;23;
1/10/1999;Miscellaneous manufactures;1276;1247;29;
1/11/1999;Miscellaneous manufactures;1257;1239;18;
1/12/1999;Miscellaneous manufactures;1258;1235;23;
1/1/2000;Miscellaneous manufactures;1271;1291;-20;
1/2/2000;Miscellaneous manufactures;1263;1244;19;
1/3/2000;Miscellaneous manufactures;1292;1243;49;
1/4/2000;Miscellaneous manufactures;1253;1279;-26;
1/5/2000;Miscellaneous manufactures;1279;1261;18;
1/6/2000;Miscellaneous manufactures;1285;1251;34;
1/7/2000;Miscellaneous manufactures;1282;1311;-29;
1/8/2000;Miscellaneous manufactures;1311;1315;-4;
1/9/2000;Miscellaneous manufactures;1268;1286;-18;
1/10/2000;Miscellaneous manufactures;1303;1289;14;
1/11/2000;Miscellaneous manufactures;1289;1435;-146;
1/12/2000;Miscellaneous manufactures;1301;1403;-102;
1/1/2001;Miscellaneous manufactures;1375;1421;-46;
1/2/2001;Miscellaneous manufactures;1375;1399;-24;
1/3/2001;Miscellaneous manufactures;1365;1414;-49;
1/4/2001;Miscellaneous manufactures;1339;1389;-50;
1/5/2001;Miscellaneous manufactures;1389;1418;-29;
1/6/2001;Miscellaneous manufactures;1457;1451;6;
1/7/2001;Miscellaneous manufactures;1356;1463;-107;
1/8/2001;Miscellaneous manufactures;1372;1442;-70;
1/9/2001;Miscellaneous manufactures;1368;1498;-130;
1/10/2001;Miscellaneous manufactures;1349;1458;-109;
1/11/2001;Miscellaneous manufactures;1379;1480;-101;
1/12/2001;Miscellaneous manufactures;1326;1463;-137;
1/1/2002;Miscellaneous manufactures;1367;1636;-269;
1/2/2002;Miscellaneous manufactures;1372;1555;-183;
1/3/2002;Miscellaneous manufactures;1378;1630;-252;
1/4/2002;Miscellaneous manufactures;1383;1587;-204;
1/5/2002;Miscellaneous manufactures;1438;1610;-172;
1/6/2002;Miscellaneous manufactures;1335;1611;-276;
1/7/2002;Miscellaneous manufactures;1380;1605;-225;
1/8/2002;Miscellaneous manufactures;1343;1588;-245;
1/9/2002;Miscellaneous manufactures;1342;1607;-265;
1/10/2002;Miscellaneous manufactures;1331;1608;-277;
1/11/2002;Miscellaneous manufactures;1376;1623;-247;
1/12/2002;Miscellaneous manufactures;1346;1560;-214;
1/1/2003;Miscellaneous manufactures;1322;1531;-209;
1/2/2003;Miscellaneous manufactures;1302;1593;-291;
1/3/2003;Miscellaneous manufactures;1309;1629;-320;
1/4/2003;Miscellaneous manufactures;1333;1629;-296;
1/5/2003;Miscellaneous manufactures;1336;1614;-278;
1/6/2003;Miscellaneous manufactures;1307;1700;-393;
1/7/2003;Miscellaneous manufactures;1385;1645;-260;
1/8/2003;Miscellaneous manufactures;1388;1667;-279;
1/9/2003;Miscellaneous manufactures;1354;1632;-278;
1/10/2003;Miscellaneous manufactures;1378;1647;-269;
1/11/2003;Miscellaneous manufactures;1408;1724;-316;
1/12/2003;Miscellaneous manufactures;1408;1687;-279;
1/1/2004;Miscellaneous manufactures;1394;1653;-259;
1/2/2004;Miscellaneous manufactures;1417;1705;-288;
1/3/2004;Miscellaneous manufactures;1363;1679;-316;
1/4/2004;Miscellaneous manufactures;1458;1714;-256;
1/5/2004;Miscellaneous manufactures;1393;1688;-295;
1/6/2004;Miscellaneous manufactures;1417;1737;-320;
1/7/2004;Miscellaneous manufactures;1437;1726;-289;
1/8/2004;Miscellaneous manufactures;1428;1681;-253;
1/9/2004;Miscellaneous manufactures;1434;1690;-256;
1/10/2004;Miscellaneous manufactures;1410;1738;-328;
1/11/2004;Miscellaneous manufactures;1372;1706;-334;
1/12/2004;Miscellaneous manufactures;1416;1684;-268;
1/1/2005;Miscellaneous manufactures;1364;1661;-297;
1/2/2005;Miscellaneous manufactures;1460;1663;-203;
1/3/2005;Miscellaneous manufactures;1401;1628;-227;
1/4/2005;Miscellaneous manufactures;1499;1639;-140;
1/5/2005;Miscellaneous manufactures;1435;1651;-216;
1/6/2005;Miscellaneous manufactures;1604;1638;-34;
1/7/2005;Miscellaneous manufactures;1520;1635;-115;
1/8/2005;Miscellaneous manufactures;1535;1695;-160;
1/9/2005;Miscellaneous manufactures;1534;1687;-153;
1/10/2005;Miscellaneous manufactures;1612;1643;-31;
1/11/2005;Miscellaneous manufactures;1609;1644;-35;
1/12/2005;Miscellaneous manufactures;1566;1718;-152;
1/1/2006;Miscellaneous manufactures;1639;1714;-75;
1/2/2006;Miscellaneous manufactures;1612;1714;-102;
1/3/2006;Miscellaneous manufactures;1694;1785;-91;
1/4/2006;Miscellaneous manufactures;1830;1754;76;
1/5/2006;Miscellaneous manufactures;1623;1804;-181;
1/6/2006;Miscellaneous manufactures;1592;1746;-154;
1/7/2006;Miscellaneous manufactures;1540;1744;-204;
1/8/2006;Miscellaneous manufactures;1518;1739;-221;
1/9/2006;Miscellaneous manufactures;1547;1821;-274;
1/10/2006;Miscellaneous manufactures;1532;1712;-180;
1/11/2006;Miscellaneous manufactures;1552;1726;-174;
1/12/2006;Miscellaneous manufactures;1603;1802;-199;
1/1/2007;Miscellaneous manufactures;1587;1812;-225;
1/2/2007;Miscellaneous manufactures;1629;1785;-156;
1/3/2007;Miscellaneous manufactures;1662;1850;-188;
1/4/2007;Miscellaneous manufactures;1560;1843;-283;
1/5/2007;Miscellaneous manufactures;1583;1833;-250;
1/6/2007;Miscellaneous manufactures;1610;1911;-301;
1/7/2007;Miscellaneous manufactures;1608;1849;-241;
1/8/2007;Miscellaneous manufactures;1611;1842;-231;
1/9/2007;Miscellaneous manufactures;1752;1992;-240;
1/10/2007;Miscellaneous manufactures;1560;1876;-316;
1/11/2007;Miscellaneous manufactures;1574;1866;-292;
1/12/2007;Miscellaneous manufactures;1559;1812;-253;
1/1/2008;Miscellaneous manufactures;1511;1847;-336;
1/2/2008;Miscellaneous manufactures;1535;1824;-289;
1/3/2008;Miscellaneous manufactures;1590;1826;-236;
1/4/2008;Miscellaneous manufactures;1549;1841;-292;
1/5/2008;Miscellaneous manufactures;1541;1774;-233;
1/6/2008;Miscellaneous manufactures;1632;1945;-313;
1/7/2008;Miscellaneous manufactures;1642;1798;-156;
1/8/2008;Miscellaneous manufactures;1604;1741;-137;
1/9/2008;Miscellaneous manufactures;1527;1758;-231;
1/10/2008;Miscellaneous manufactures;1552;1686;-134;
1/11/2008;Miscellaneous manufactures;1561;1553;8;
1/12/2008;Miscellaneous manufactures;1477;1571;-94;
1/1/2009;Miscellaneous manufactures;1480;1609;-129;
1/2/2009;Miscellaneous manufactures;1467;1626;-159;
1/3/2009;Miscellaneous manufactures;1389;1576;-187;
1/4/2009;Miscellaneous manufactures;1462;1595;-133;
1/5/2009;Miscellaneous manufactures;1422;1597;-175;
1/6/2009;Miscellaneous manufactures;1441;1627;-186;
1/7/2009;Miscellaneous manufactures;1643;1637;6;
1/8/2009;Miscellaneous manufactures;1419;1610;-191;
1/9/2009;Miscellaneous manufactures;1418;1611;-193;
1/10/2009;Miscellaneous manufactures;1447;1665;-218;
1/11/2009;Miscellaneous manufactures;1482;1763;-281;
1/12/2009;Miscellaneous manufactures;1489;1781;-292;
1/1/2010;Miscellaneous manufactures;1470;1682;-212;
1/2/2010;Miscellaneous manufactures;1475;1664;-189;
1/3/2010;Miscellaneous manufactures;1510;1695;-185;
1/4/2010;Miscellaneous manufactures;1570;1727;-157;
1/5/2010;Miscellaneous manufactures;1523;1704;-181;
1/6/2010;Miscellaneous manufactures;1535;1722;-187;
1/7/2010;Miscellaneous manufactures;1525;1692;-167;
1/8/2010;Miscellaneous manufactures;1567;1727;-160;
1/9/2010;Miscellaneous manufactures;1581;1720;-139;
1/10/2010;Miscellaneous manufactures;1567;1773;-206;
1/11/2010;Miscellaneous manufactures;1569;1761;-192;
1/12/2010;Miscellaneous manufactures;1543;1750;-207;
1/1/2011;Miscellaneous manufactures;1650;1799;-149;
1/2/2011;Miscellaneous manufactures;1646;1760;-114;
1/3/2011;Miscellaneous manufactures;1577;1762;-185;
1/4/2011;Miscellaneous manufactures;1593;1709;-116;
1/5/2011;Miscellaneous manufactures;1673;1821;-148;
1/6/2011;Miscellaneous manufactures;1625;1836;-211;
1/7/2011;Miscellaneous manufactures;1600;1805;-205;
1/8/2011;Miscellaneous manufactures;1595;1794;-199;
1/9/2011;Miscellaneous manufactures;1587;1872;-285;
1/10/2011;Miscellaneous manufactures;1547;1782;-235;
1/11/2011;Miscellaneous manufactures;1549;1766;-217;
1/12/2011;Miscellaneous manufactures;1632;1829;-197;
1/1/2012;Miscellaneous manufactures;1588;1768;-180;
1/2/2012;Miscellaneous manufactures;1526;1786;-260;
1/3/2012;Miscellaneous manufactures;1536;1808;-272;
1/4/2012;Miscellaneous manufactures;1498;1831;-333;
1/5/2012;Miscellaneous manufactures;1600;1862;-262;
1/6/2012;Miscellaneous manufactures;1450;1798;-348;
1/7/2012;Miscellaneous manufactures;1551;1860;-309;
1/8/2012;Miscellaneous manufactures;1559;1771;-212;
1/9/2012;Miscellaneous manufactures;1564;1787;-223;
1/10/2012;Miscellaneous manufactures;1608;1832;-224;
1/11/2012;Miscellaneous manufactures;1511;1768;-257;
1/12/2012;Miscellaneous manufactures;1517;1901;-384;
1/1/2013;Miscellaneous manufactures;1536;1906;-370;
1/2/2013;Miscellaneous manufactures;1567;1825;-258;
1/3/2013;Miscellaneous manufactures;1591;1908;-317;
1/4/2013;Miscellaneous manufactures;1543;1799;-256;
1/5/2013;Miscellaneous manufactures;1549;1850;-301;
1/6/2013;Miscellaneous manufactures;1621;1895;-274;
1/7/2013;Miscellaneous manufactures;1630;1924;-294;
1/8/2013;Miscellaneous manufactures;1628;1944;-316;
1/9/2013;Miscellaneous manufactures;1673;1967;-294;
1/10/2013;Miscellaneous manufactures;1636;2014;-378;
1/11/2013;Miscellaneous manufactures;1641;2043;-402;
1/12/2013;Miscellaneous manufactures;1729;2042;-313;
1/1/2014;Miscellaneous manufactures;1664;1980;-316;
1/2/2014;Miscellaneous manufactures;1637;2114;-477;
1/3/2014;Miscellaneous manufactures;1671;2027;-356;
1/4/2014;Miscellaneous manufactures;1673;2065;-392;
1/5/2014;Miscellaneous manufactures;1721;2068;-347;
1/6/2014;Miscellaneous manufactures;1727;2115;-388;
1/7/2014;Miscellaneous manufactures;1682;2154;-472;
1/8/2014;Miscellaneous manufactures;1816;2118;-302;
1/9/2014;Miscellaneous manufactures;1710;2293;-583;
1/10/2014;Miscellaneous manufactures;1742;2249;-507;
1/11/2014;Miscellaneous manufactures;1715;2132;-417;
1/12/2014;Miscellaneous manufactures;1725;2207;-482;
1/1/2015;Miscellaneous manufactures;1724;2197;-473;
1/2/2015;Miscellaneous manufactures;1785;2350;-565;
1/3/2015;Miscellaneous manufactures;1781;2321;-540;
1/4/2015;Miscellaneous manufactures;1832;2298;-466;
1/5/2015;Miscellaneous manufactures;1750;2304;-554;
1/6/2015;Miscellaneous manufactures;1840;2341;-501;
1/7/2015;Miscellaneous manufactures;1788;2332;-544;
1/8/2015;Miscellaneous manufactures;1834;2402;-568;
1/9/2015;Miscellaneous manufactures;1782;2307;-525;
1/10/2015;Miscellaneous manufactures;1806;2366;-560;
1/11/2015;Miscellaneous manufactures;1858;2406;-548;
1/12/2015;Miscellaneous manufactures;1868;2414;-546;
1/1/2016;Miscellaneous manufactures;1826;2444;-618;
1/2/2016;Miscellaneous manufactures;1804;2423;-619;
1/3/2016;Miscellaneous manufactures;1796;2457;-661;
1/4/2016;Miscellaneous manufactures;1834;2480;-646;
1/5/2016;Miscellaneous manufactures;1869;2524;-655;
1/6/2016;Miscellaneous manufactures;1789;2466;-677;
1/7/2016;Miscellaneous manufactures;1957;2585;-628;
1/8/2016;Miscellaneous manufactures;1848;2472;-624;
1/9/2016;Miscellaneous manufactures;1834;2479;-645;
1/10/2016;Miscellaneous manufactures;1904;2469;-565;
1/11/2016;Miscellaneous manufactures;1899;2536;-637;
1/12/2016;Miscellaneous manufactures;1908;2565;-657;
1/1/2017;Miscellaneous manufactures;1919;2541;-622;
1/2/2017;Miscellaneous manufactures;1880;2505;-625;
1/3/2017;Miscellaneous manufactures;1907;2518;-611;
1/4/2017;Miscellaneous manufactures;1924;2568;-644;
1/5/2017;Miscellaneous manufactures;1888;2558;-670;
1/6/2017;Miscellaneous manufactures;1841;2821;-980;
1/7/2017;Miscellaneous manufactures;1967;2608;-641;
1/8/2017;Miscellaneous manufactures;1895;2569;-674;
1/9/2017;Miscellaneous manufactures;1927;2563;-636;
1/10/2017;Miscellaneous manufactures;1879;2586;-707;
1/11/2017;Miscellaneous manufactures;1933;2609;-676;
1/12/2017;Miscellaneous manufactures;1847;2601;-754;
1/1/2018;Miscellaneous manufactures;1999;2622;-623;
1/2/2018;Miscellaneous manufactures;1933;2651;-718;
1/3/2018;Miscellaneous manufactures;1906;2702;-796;
1/4/2018;Miscellaneous manufactures;1862;2581;-719;
1/5/2018;Miscellaneous manufactures;1930;2666;-736;
1/6/2018;Miscellaneous manufactures;2002;2710;-708;
1/7/2018;Miscellaneous manufactures;1909;2671;-762;
1/8/2018;Miscellaneous manufactures;1919;2729;-810;
1/9/2018;Miscellaneous manufactures;1879;2713;-834;
1/10/2018;Miscellaneous manufactures;1918;2701;-783;
1/11/2018;Miscellaneous manufactures;1910;2755;-845;
1/12/2018;Miscellaneous manufactures;1912;2783;-871;
1/1/2019;Miscellaneous manufactures;1969;2790;-821;
1/2/2019;Miscellaneous manufactures;1956;2762;-806;
1/3/2019;Miscellaneous manufactures;2447;3481;-1034;
1/4/2019;Miscellaneous manufactures;2082;2937;-855;
1/5/2019;Miscellaneous manufactures;2020;2789;-769;
1/6/2019;Miscellaneous manufactures;1957;3026;-1069;
1/7/2019;Miscellaneous manufactures;1944;2762;-818;
1/8/2019;Miscellaneous manufactures;1906;2782;-876;
1/9/2019;Miscellaneous manufactures;1941;2729;-788;
1/10/2019;Miscellaneous manufactures;1967;2907;-940;
1/11/2019;Miscellaneous manufactures;1770;2591;-821;
1/12/2019;Miscellaneous manufactures;1802;2632;-830;
1/1/2020;Miscellaneous manufactures;1760;2639;-879;
1/2/2020;Miscellaneous manufactures;1755;2563;-808;
1/3/2020;Miscellaneous manufactures;1441;2203;-762;
1/4/2020;Miscellaneous manufactures;1240;1528;-288;
1/5/2020;Miscellaneous manufactures;1386;1672;-286;
1/6/2020;Miscellaneous manufactures;1520;2022;-502;
1/7/2020;Miscellaneous manufactures;1752;2315;-563;
1/8/2020;Miscellaneous manufactures;1705;2481;-776;
1/9/2020;Miscellaneous manufactures;1676;2533;-857;
1/10/2020;Miscellaneous manufactures;1799;2598;-799;
1/11/2020;Miscellaneous manufactures;1795;2609;-814;
1/12/2020;Miscellaneous manufactures;1756;2615;-859;
1/1/2021;Miscellaneous manufactures;1046;1867;-821;
1/1/1997;Unspecified goods;6;23;-17;
1/2/1997;Unspecified goods;11;7;4;
1/3/1997;Unspecified goods;13;8;5;
1/4/1997;Unspecified goods;13;11;2;
1/5/1997;Unspecified goods;17;7;10;
1/6/1997;Unspecified goods;29;12;17;
1/7/1997;Unspecified goods;23;12;11;
1/8/1997;Unspecified goods;19;11;8;
1/9/1997;Unspecified goods;19;22;-3;
1/10/1997;Unspecified goods;17;12;5;
1/11/1997;Unspecified goods;13;12;1;
1/12/1997;Unspecified goods;13;17;-4;
1/1/1998;Unspecified goods;17;11;6;
1/2/1998;Unspecified goods;15;11;4;
1/3/1998;Unspecified goods;15;15;0;
1/4/1998;Unspecified goods;19;15;4;
1/5/1998;Unspecified goods;17;18;-1;
1/6/1998;Unspecified goods;15;18;-3;
1/7/1998;Unspecified goods;17;19;-2;
1/8/1998;Unspecified goods;15;18;-3;
1/9/1998;Unspecified goods;12;21;-9;
1/10/1998;Unspecified goods;17;22;-5;
1/11/1998;Unspecified goods;17;17;0;
1/12/1998;Unspecified goods;19;14;5;
1/1/1999;Unspecified goods;22;18;4;
1/2/1999;Unspecified goods;15;38;-23;
1/3/1999;Unspecified goods;21;5;16;
1/4/1999;Unspecified goods;13;7;6;
1/5/1999;Unspecified goods;10;10;0;
1/6/1999;Unspecified goods;11;8;3;
1/7/1999;Unspecified goods;9;8;1;
1/8/1999;Unspecified goods;28;16;12;
1/9/1999;Unspecified goods;15;7;8;
1/10/1999;Unspecified goods;14;5;9;
1/11/1999;Unspecified goods;14;7;7;
1/12/1999;Unspecified goods;17;8;9;
1/1/2000;Unspecified goods;14;5;9;
1/2/2000;Unspecified goods;17;11;6;
1/3/2000;Unspecified goods;15;9;6;
1/4/2000;Unspecified goods;13;11;2;
1/5/2000;Unspecified goods;21;8;13;
1/6/2000;Unspecified goods;21;9;12;
1/7/2000;Unspecified goods;19;6;13;
1/8/2000;Unspecified goods;15;10;5;
1/9/2000;Unspecified goods;22;7;15;
1/10/2000;Unspecified goods;18;9;9;
1/11/2000;Unspecified goods;32;10;22;
1/12/2000;Unspecified goods;22;7;15;
1/1/2001;Unspecified goods;12;9;3;
1/2/2001;Unspecified goods;20;6;14;
1/3/2001;Unspecified goods;6;11;-5;
1/4/2001;Unspecified goods;18;10;8;
1/5/2001;Unspecified goods;14;9;5;
1/6/2001;Unspecified goods;12;7;5;
1/7/2001;Unspecified goods;14;9;5;
1/8/2001;Unspecified goods;25;8;17;
1/9/2001;Unspecified goods;12;8;4;
1/10/2001;Unspecified goods;12;37;-25;
1/11/2001;Unspecified goods;15;11;4;
1/12/2001;Unspecified goods;14;9;5;
1/1/2002;Unspecified goods;6;11;-5;
1/2/2002;Unspecified goods;12;66;-54;
1/3/2002;Unspecified goods;19;23;-4;
1/4/2002;Unspecified goods;20;10;10;
1/5/2002;Unspecified goods;19;11;8;
1/6/2002;Unspecified goods;19;7;12;
1/7/2002;Unspecified goods;20;10;10;
1/8/2002;Unspecified goods;21;24;-3;
1/9/2002;Unspecified goods;21;13;8;
1/10/2002;Unspecified goods;22;11;11;
1/11/2002;Unspecified goods;8;8;0;
1/12/2002;Unspecified goods;13;13;0;
1/1/2003;Unspecified goods;19;17;2;
1/2/2003;Unspecified goods;11;79;-68;
1/3/2003;Unspecified goods;9;12;-3;
1/4/2003;Unspecified goods;18;17;1;
1/5/2003;Unspecified goods;17;15;2;
1/6/2003;Unspecified goods;22;23;-1;
1/7/2003;Unspecified goods;22;23;-1;
1/8/2003;Unspecified goods;13;16;-3;
1/9/2003;Unspecified goods;19;22;-3;
1/10/2003;Unspecified goods;15;19;-4;
1/11/2003;Unspecified goods;15;18;-3;
1/12/2003;Unspecified goods;12;28;-16;
1/1/2004;Unspecified goods;22;17;5;
1/2/2004;Unspecified goods;19;19;0;
1/3/2004;Unspecified goods;17;22;-5;
1/4/2004;Unspecified goods;13;19;-6;
1/5/2004;Unspecified goods;19;20;-1;
1/6/2004;Unspecified goods;17;26;-9;
1/7/2004;Unspecified goods;17;21;-4;
1/8/2004;Unspecified goods;19;25;-6;
1/9/2004;Unspecified goods;13;25;-12;
1/10/2004;Unspecified goods;24;23;1;
1/11/2004;Unspecified goods;27;20;7;
1/12/2004;Unspecified goods;36;23;13;
1/1/2005;Unspecified goods;20;21;-1;
1/2/2005;Unspecified goods;36;27;9;
1/3/2005;Unspecified goods;22;17;5;
1/4/2005;Unspecified goods;24;25;-1;
1/5/2005;Unspecified goods;17;22;-5;
1/6/2005;Unspecified goods;17;26;-9;
1/7/2005;Unspecified goods;19;24;-5;
1/8/2005;Unspecified goods;24;18;6;
1/9/2005;Unspecified goods;20;16;4;
1/10/2005;Unspecified goods;22;20;2;
1/11/2005;Unspecified goods;57;29;28;
1/12/2005;Unspecified goods;45;21;24;
1/1/2006;Unspecified goods;52;20;32;
1/2/2006;Unspecified goods;42;20;22;
1/3/2006;Unspecified goods;58;24;34;
1/4/2006;Unspecified goods;20;15;5;
1/5/2006;Unspecified goods;38;19;19;
1/6/2006;Unspecified goods;20;14;6;
1/7/2006;Unspecified goods;20;15;5;
1/8/2006;Unspecified goods;19;30;-11;
1/9/2006;Unspecified goods;30;15;15;
1/10/2006;Unspecified goods;12;17;-5;
1/11/2006;Unspecified goods;12;16;-4;
1/12/2006;Unspecified goods;30;13;17;
1/1/2007;Unspecified goods;66;20;46;
1/2/2007;Unspecified goods;55;13;42;
1/3/2007;Unspecified goods;35;14;21;
1/4/2007;Unspecified goods;15;16;-1;
1/5/2007;Unspecified goods;14;20;-6;
1/6/2007;Unspecified goods;15;14;1;
1/7/2007;Unspecified goods;14;18;-4;
1/8/2007;Unspecified goods;20;16;4;
1/9/2007;Unspecified goods;14;21;-7;
1/10/2007;Unspecified goods;12;14;-2;
1/11/2007;Unspecified goods;16;17;-1;
1/12/2007;Unspecified goods;8;21;-13;
1/1/2008;Unspecified goods;13;22;-9;
1/2/2008;Unspecified goods;12;61;-49;
1/3/2008;Unspecified goods;8;25;-17;
1/4/2008;Unspecified goods;15;28;-13;
1/5/2008;Unspecified goods;14;21;-7;
1/6/2008;Unspecified goods;13;30;-17;
1/7/2008;Unspecified goods;15;20;-5;
1/8/2008;Unspecified goods;8;27;-19;
1/9/2008;Unspecified goods;13;17;-4;
1/10/2008;Unspecified goods;15;22;-7;
1/11/2008;Unspecified goods;9;26;-17;
1/12/2008;Unspecified goods;19;75;-56;
1/1/2009;Unspecified goods;19;21;-2;
1/2/2009;Unspecified goods;15;19;-4;
1/3/2009;Unspecified goods;15;24;-9;
1/4/2009;Unspecified goods;12;31;-19;
1/5/2009;Unspecified goods;12;23;-11;
1/6/2009;Unspecified goods;18;29;-11;
1/7/2009;Unspecified goods;16;27;-11;
1/8/2009;Unspecified goods;25;27;-2;
1/9/2009;Unspecified goods;23;237;-214;
1/10/2009;Unspecified goods;26;30;-4;
1/11/2009;Unspecified goods;16;27;-11;
1/12/2009;Unspecified goods;15;19;-4;
1/1/2010;Unspecified goods;13;27;-14;
1/2/2010;Unspecified goods;26;28;-2;
1/3/2010;Unspecified goods;9;20;-11;
1/4/2010;Unspecified goods;10;17;-7;
1/5/2010;Unspecified goods;10;22;-12;
1/6/2010;Unspecified goods;8;22;-14;
1/7/2010;Unspecified goods;9;16;-7;
1/8/2010;Unspecified goods;8;23;-15;
1/9/2010;Unspecified goods;6;34;-28;
1/10/2010;Unspecified goods;9;33;-24;
1/11/2010;Unspecified goods;8;29;-21;
1/12/2010;Unspecified goods;10;29;-19;
1/1/2011;Unspecified goods;15;20;-5;
1/2/2011;Unspecified goods;17;23;-6;
1/3/2011;Unspecified goods;15;21;-6;
1/4/2011;Unspecified goods;12;17;-5;
1/5/2011;Unspecified goods;12;25;-13;
1/6/2011;Unspecified goods;10;19;-9;
1/7/2011;Unspecified goods;15;62;-47;
1/8/2011;Unspecified goods;12;63;-51;
1/9/2011;Unspecified goods;34;80;-46;
1/10/2011;Unspecified goods;42;48;-6;
1/11/2011;Unspecified goods;34;37;-3;
1/12/2011;Unspecified goods;11;29;-18;
1/1/2012;Unspecified goods;10;28;-18;
1/2/2012;Unspecified goods;12;27;-15;
1/3/2012;Unspecified goods;14;30;-16;
1/4/2012;Unspecified goods;15;56;-41;
1/5/2012;Unspecified goods;14;44;-30;
1/6/2012;Unspecified goods;14;34;-20;
1/7/2012;Unspecified goods;13;48;-35;
1/8/2012;Unspecified goods;11;24;-13;
1/9/2012;Unspecified goods;7;29;-22;
1/10/2012;Unspecified goods;22;45;-23;
1/11/2012;Unspecified goods;11;26;-15;
1/12/2012;Unspecified goods;1;27;-26;
1/1/2013;Unspecified goods;14;63;-49;
1/2/2013;Unspecified goods;12;64;-52;
1/3/2013;Unspecified goods;23;59;-36;
1/4/2013;Unspecified goods;11;44;-33;
1/5/2013;Unspecified goods;14;65;-51;
1/6/2013;Unspecified goods;17;107;-90;
1/7/2013;Unspecified goods;17;32;-15;
1/8/2013;Unspecified goods;10;25;-15;
1/9/2013;Unspecified goods;11;38;-27;
1/10/2013;Unspecified goods;4;147;-143;
1/11/2013;Unspecified goods;6;99;-93;
1/12/2013;Unspecified goods;9;69;-60;
1/1/2014;Unspecified goods;10;31;-21;
1/2/2014;Unspecified goods;9;19;-10;
1/3/2014;Unspecified goods;11;29;-18;
1/4/2014;Unspecified goods;15;15;0;
1/5/2014;Unspecified goods;14;16;-2;
1/6/2014;Unspecified goods;12;18;-6;
1/7/2014;Unspecified goods;11;46;-35;
1/8/2014;Unspecified goods;21;35;-14;
1/9/2014;Unspecified goods;20;25;-5;
1/10/2014;Unspecified goods;22;9;13;
1/11/2014;Unspecified goods;12;44;-32;
1/12/2014;Unspecified goods;18;37;-19;
1/1/2015;Unspecified goods;16;23;-7;
1/2/2015;Unspecified goods;18;96;-78;
1/3/2015;Unspecified goods;12;6;6;
1/4/2015;Unspecified goods;16;26;-10;
1/5/2015;Unspecified goods;12;48;-36;
1/6/2015;Unspecified goods;17;16;1;
1/7/2015;Unspecified goods;39;25;14;
1/8/2015;Unspecified goods;9;44;-35;
1/9/2015;Unspecified goods;10;31;-21;
1/10/2015;Unspecified goods;15;30;-15;
1/11/2015;Unspecified goods;20;40;-20;
1/12/2015;Unspecified goods;15;22;-7;
1/1/2016;Unspecified goods;13;39;-26;
1/2/2016;Unspecified goods;9;44;-35;
1/3/2016;Unspecified goods;16;51;-35;
1/4/2016;Unspecified goods;13;29;-16;
1/5/2016;Unspecified goods;16;47;-31;
1/6/2016;Unspecified goods;30;44;-14;
1/7/2016;Unspecified goods;13;24;-11;
1/8/2016;Unspecified goods;29;16;13;
1/9/2016;Unspecified goods;16;19;-3;
1/10/2016;Unspecified goods;3;21;-18;
1/11/2016;Unspecified goods;15;63;-48;
1/12/2016;Unspecified goods;4;28;-24;
1/1/2017;Unspecified goods;19;20;-1;
1/2/2017;Unspecified goods;19;24;-5;
1/3/2017;Unspecified goods;14;43;-29;
1/4/2017;Unspecified goods;15;54;-39;
1/5/2017;Unspecified goods;38;40;-2;
1/6/2017;Unspecified goods;10;58;-48;
1/7/2017;Unspecified goods;14;48;-34;
1/8/2017;Unspecified goods;15;39;-24;
1/9/2017;Unspecified goods;302;40;262;
1/10/2017;Unspecified goods;27;53;-26;
1/11/2017;Unspecified goods;21;180;-159;
1/12/2017;Unspecified goods;29;151;-122;
1/1/2018;Unspecified goods;13;47;-34;
1/2/2018;Unspecified goods;12;106;-94;
1/3/2018;Unspecified goods;16;26;-10;
1/4/2018;Unspecified goods;15;117;-102;
1/5/2018;Unspecified goods;13;94;-81;
1/6/2018;Unspecified goods;35;13;22;
1/7/2018;Unspecified goods;20;31;-11;
1/8/2018;Unspecified goods;16;67;-51;
1/9/2018;Unspecified goods;43;114;-71;
1/10/2018;Unspecified goods;20;41;-21;
1/11/2018;Unspecified goods;102;22;80;
1/12/2018;Unspecified goods;19;59;-40;
1/1/2019;Unspecified goods;17;38;-21;
1/2/2019;Unspecified goods;23;35;-12;
1/3/2019;Unspecified goods;23;122;-99;
1/4/2019;Unspecified goods;17;90;-73;
1/5/2019;Unspecified goods;18;30;-12;
1/6/2019;Unspecified goods;40;32;8;
1/7/2019;Unspecified goods;199;26;173;
1/8/2019;Unspecified goods;19;59;-40;
1/9/2019;Unspecified goods;27;96;-69;
1/10/2019;Unspecified goods;63;26;37;
1/11/2019;Unspecified goods;136;40;96;
1/12/2019;Unspecified goods;295;34;261;
1/1/2020;Unspecified goods;265;77;188;
1/2/2020;Unspecified goods;16;35;-19;
1/3/2020;Unspecified goods;28;20;8;
1/4/2020;Unspecified goods;608;15;593;
1/5/2020;Unspecified goods;305;42;263;
1/6/2020;Unspecified goods;500;39;461;
1/7/2020;Unspecified goods;17;37;-20;
1/8/2020;Unspecified goods;19;30;-11;
1/9/2020;Unspecified goods;7;52;-45;
1/10/2020;Unspecified goods;17;31;-14;
1/11/2020;Unspecified goods;15;59;-44;
1/12/2020;Unspecified goods;8;58;-50;
1/1/2021;Unspecified goods;177;16;161;
